"","id","scenario","choice","const.1","battery.1","memory.1","android.1","price.1","const.2","battery.2","memory.2","android.2","price.2","const.3","battery.3","memory.3","android.3","price.3","const.0","battery.0","memory.0","android.0","price.0"
"1",1,1,3,1,2,1,0,199,1,0.5,4,1,149,1,1,4,1,249,0,0,0,0,0
"2",1,2,0,1,2,2,0,149,1,0.5,1,1,199,1,4,1,0,199,0,0,0,0,0
"3",1,3,1,1,4,8,1,149,1,0.5,4,0,199,1,4,1,1,99,0,0,0,0,0
"4",1,4,3,1,4,8,0,199,1,0.5,4,1,149,1,2,8,1,249,0,0,0,0,0
"5",1,5,3,1,0.5,4,1,149,1,2,2,1,249,1,0.5,8,1,199,0,0,0,0,0
"6",1,6,0,1,2,8,0,99,1,0.5,2,1,99,1,0.5,2,1,249,0,0,0,0,0
"7",1,7,0,1,0.5,2,0,149,1,2,1,1,199,1,1,2,0,149,0,0,0,0,0
"8",1,8,0,1,0.5,2,0,149,1,1,4,0,99,1,1,1,1,199,0,0,0,0,0
"9",1,9,2,1,0.5,4,0,149,1,4,4,1,99,1,0.5,4,1,249,0,0,0,0,0
"10",1,10,1,1,1,8,1,99,1,2,4,0,149,1,0.5,2,0,149,0,0,0,0,0
"11",1,11,0,1,4,2,1,99,1,0.5,1,1,99,1,1,8,0,249,0,0,0,0,0
"12",1,12,2,1,4,1,0,249,1,0.5,4,1,99,1,1,1,1,99,0,0,0,0,0
"13",2,1,1,1,2,1,0,199,1,0.5,4,1,149,1,1,4,1,249,0,0,0,0,0
"14",2,2,1,1,2,2,0,149,1,0.5,1,1,199,1,4,1,0,199,0,0,0,0,0
"15",2,3,1,1,4,8,1,149,1,0.5,4,0,199,1,4,1,1,99,0,0,0,0,0
"16",2,4,1,1,4,8,0,199,1,0.5,4,1,149,1,2,8,1,249,0,0,0,0,0
"17",2,5,0,1,0.5,4,1,149,1,2,2,1,249,1,0.5,8,1,199,0,0,0,0,0
"18",2,6,1,1,2,8,0,99,1,0.5,2,1,99,1,0.5,2,1,249,0,0,0,0,0
"19",2,7,1,1,0.5,2,0,149,1,2,1,1,199,1,1,2,0,149,0,0,0,0,0
"20",2,8,2,1,0.5,2,0,149,1,1,4,0,99,1,1,1,1,199,0,0,0,0,0
"21",2,9,1,1,0.5,4,0,149,1,4,4,1,99,1,0.5,4,1,249,0,0,0,0,0
"22",2,10,2,1,1,8,1,99,1,2,4,0,149,1,0.5,2,0,149,0,0,0,0,0
"23",2,11,0,1,4,2,1,99,1,0.5,1,1,99,1,1,8,0,249,0,0,0,0,0
"24",2,12,0,1,4,1,0,249,1,0.5,4,1,99,1,1,1,1,99,0,0,0,0,0
"25",3,1,0,1,2,1,0,199,1,0.5,4,1,149,1,1,4,1,249,0,0,0,0,0
"26",3,2,0,1,2,2,0,149,1,0.5,1,1,199,1,4,1,0,199,0,0,0,0,0
"27",3,3,0,1,4,8,1,149,1,0.5,4,0,199,1,4,1,1,99,0,0,0,0,0
"28",3,4,0,1,4,8,0,199,1,0.5,4,1,149,1,2,8,1,249,0,0,0,0,0
"29",3,5,0,1,0.5,4,1,149,1,2,2,1,249,1,0.5,8,1,199,0,0,0,0,0
"30",3,6,1,1,2,8,0,99,1,0.5,2,1,99,1,0.5,2,1,249,0,0,0,0,0
"31",3,7,0,1,0.5,2,0,149,1,2,1,1,199,1,1,2,0,149,0,0,0,0,0
"32",3,8,0,1,0.5,2,0,149,1,1,4,0,99,1,1,1,1,199,0,0,0,0,0
"33",3,9,0,1,0.5,4,0,149,1,4,4,1,99,1,0.5,4,1,249,0,0,0,0,0
"34",3,10,0,1,1,8,1,99,1,2,4,0,149,1,0.5,2,0,149,0,0,0,0,0
"35",3,11,0,1,4,2,1,99,1,0.5,1,1,99,1,1,8,0,249,0,0,0,0,0
"36",3,12,0,1,4,1,0,249,1,0.5,4,1,99,1,1,1,1,99,0,0,0,0,0
"37",4,1,1,1,2,1,0,199,1,0.5,4,1,149,1,1,4,1,249,0,0,0,0,0
"38",4,2,1,1,2,2,0,149,1,0.5,1,1,199,1,4,1,0,199,0,0,0,0,0
"39",4,3,1,1,4,8,1,149,1,0.5,4,0,199,1,4,1,1,99,0,0,0,0,0
"40",4,4,1,1,4,8,0,199,1,0.5,4,1,149,1,2,8,1,249,0,0,0,0,0
"41",4,5,2,1,0.5,4,1,149,1,2,2,1,249,1,0.5,8,1,199,0,0,0,0,0
"42",4,6,1,1,2,8,0,99,1,0.5,2,1,99,1,0.5,2,1,249,0,0,0,0,0
"43",4,7,2,1,0.5,2,0,149,1,2,1,1,199,1,1,2,0,149,0,0,0,0,0
"44",4,8,2,1,0.5,2,0,149,1,1,4,0,99,1,1,1,1,199,0,0,0,0,0
"45",4,9,2,1,0.5,4,0,149,1,4,4,1,99,1,0.5,4,1,249,0,0,0,0,0
"46",4,10,2,1,1,8,1,99,1,2,4,0,149,1,0.5,2,0,149,0,0,0,0,0
"47",4,11,1,1,4,2,1,99,1,0.5,1,1,99,1,1,8,0,249,0,0,0,0,0
"48",4,12,1,1,4,1,0,249,1,0.5,4,1,99,1,1,1,1,99,0,0,0,0,0
"49",5,1,1,1,2,1,0,199,1,0.5,4,1,149,1,1,4,1,249,0,0,0,0,0
"50",5,2,1,1,2,2,0,149,1,0.5,1,1,199,1,4,1,0,199,0,0,0,0,0
"51",5,3,2,1,4,8,1,149,1,0.5,4,0,199,1,4,1,1,99,0,0,0,0,0
"52",5,4,1,1,4,8,0,199,1,0.5,4,1,149,1,2,8,1,249,0,0,0,0,0
"53",5,5,0,1,0.5,4,1,149,1,2,2,1,249,1,0.5,8,1,199,0,0,0,0,0
"54",5,6,1,1,2,8,0,99,1,0.5,2,1,99,1,0.5,2,1,249,0,0,0,0,0
"55",5,7,3,1,0.5,2,0,149,1,2,1,1,199,1,1,2,0,149,0,0,0,0,0
"56",5,8,2,1,0.5,2,0,149,1,1,4,0,99,1,1,1,1,199,0,0,0,0,0
"57",5,9,1,1,0.5,4,0,149,1,4,4,1,99,1,0.5,4,1,249,0,0,0,0,0
"58",5,10,3,1,1,8,1,99,1,2,4,0,149,1,0.5,2,0,149,0,0,0,0,0
"59",5,11,3,1,4,2,1,99,1,0.5,1,1,99,1,1,8,0,249,0,0,0,0,0
"60",5,12,1,1,4,1,0,249,1,0.5,4,1,99,1,1,1,1,99,0,0,0,0,0
"61",6,1,0,1,2,1,0,199,1,0.5,4,1,149,1,1,4,1,249,0,0,0,0,0
"62",6,2,0,1,2,2,0,149,1,0.5,1,1,199,1,4,1,0,199,0,0,0,0,0
"63",6,3,3,1,4,8,1,149,1,0.5,4,0,199,1,4,1,1,99,0,0,0,0,0
"64",6,4,0,1,4,8,0,199,1,0.5,4,1,149,1,2,8,1,249,0,0,0,0,0
"65",6,5,3,1,0.5,4,1,149,1,2,2,1,249,1,0.5,8,1,199,0,0,0,0,0
"66",6,6,0,1,2,8,0,99,1,0.5,2,1,99,1,0.5,2,1,249,0,0,0,0,0
"67",6,7,2,1,0.5,2,0,149,1,2,1,1,199,1,1,2,0,149,0,0,0,0,0
"68",6,8,0,1,0.5,2,0,149,1,1,4,0,99,1,1,1,1,199,0,0,0,0,0
"69",6,9,2,1,0.5,4,0,149,1,4,4,1,99,1,0.5,4,1,249,0,0,0,0,0
"70",6,10,1,1,1,8,1,99,1,2,4,0,149,1,0.5,2,0,149,0,0,0,0,0
"71",6,11,1,1,4,2,1,99,1,0.5,1,1,99,1,1,8,0,249,0,0,0,0,0
"72",6,12,0,1,4,1,0,249,1,0.5,4,1,99,1,1,1,1,99,0,0,0,0,0
"73",7,1,2,1,2,1,0,199,1,0.5,4,1,149,1,1,4,1,249,0,0,0,0,0
"74",7,2,3,1,2,2,0,149,1,0.5,1,1,199,1,4,1,0,199,0,0,0,0,0
"75",7,3,2,1,4,8,1,149,1,0.5,4,0,199,1,4,1,1,99,0,0,0,0,0
"76",7,4,2,1,4,8,0,199,1,0.5,4,1,149,1,2,8,1,249,0,0,0,0,0
"77",7,5,3,1,0.5,4,1,149,1,2,2,1,249,1,0.5,8,1,199,0,0,0,0,0
"78",7,6,1,1,2,8,0,99,1,0.5,2,1,99,1,0.5,2,1,249,0,0,0,0,0
"79",7,7,3,1,0.5,2,0,149,1,2,1,1,199,1,1,2,0,149,0,0,0,0,0
"80",7,8,2,1,0.5,2,0,149,1,1,4,0,99,1,1,1,1,199,0,0,0,0,0
"81",7,9,1,1,0.5,4,0,149,1,4,4,1,99,1,0.5,4,1,249,0,0,0,0,0
"82",7,10,2,1,1,8,1,99,1,2,4,0,149,1,0.5,2,0,149,0,0,0,0,0
"83",7,11,1,1,4,2,1,99,1,0.5,1,1,99,1,1,8,0,249,0,0,0,0,0
"84",7,12,3,1,4,1,0,249,1,0.5,4,1,99,1,1,1,1,99,0,0,0,0,0
"85",8,1,1,1,2,1,0,199,1,0.5,4,1,149,1,1,4,1,249,0,0,0,0,0
"86",8,2,1,1,2,2,0,149,1,0.5,1,1,199,1,4,1,0,199,0,0,0,0,0
"87",8,3,1,1,4,8,1,149,1,0.5,4,0,199,1,4,1,1,99,0,0,0,0,0
"88",8,4,1,1,4,8,0,199,1,0.5,4,1,149,1,2,8,1,249,0,0,0,0,0
"89",8,5,1,1,0.5,4,1,149,1,2,2,1,249,1,0.5,8,1,199,0,0,0,0,0
"90",8,6,1,1,2,8,0,99,1,0.5,2,1,99,1,0.5,2,1,249,0,0,0,0,0
"91",8,7,3,1,0.5,2,0,149,1,2,1,1,199,1,1,2,0,149,0,0,0,0,0
"92",8,8,2,1,0.5,2,0,149,1,1,4,0,99,1,1,1,1,199,0,0,0,0,0
"93",8,9,2,1,0.5,4,0,149,1,4,4,1,99,1,0.5,4,1,249,0,0,0,0,0
"94",8,10,1,1,1,8,1,99,1,2,4,0,149,1,0.5,2,0,149,0,0,0,0,0
"95",8,11,1,1,4,2,1,99,1,0.5,1,1,99,1,1,8,0,249,0,0,0,0,0
"96",8,12,2,1,4,1,0,249,1,0.5,4,1,99,1,1,1,1,99,0,0,0,0,0
"97",9,1,1,1,2,1,0,199,1,0.5,4,1,149,1,1,4,1,249,0,0,0,0,0
"98",9,2,1,1,2,2,0,149,1,0.5,1,1,199,1,4,1,0,199,0,0,0,0,0
"99",9,3,3,1,4,8,1,149,1,0.5,4,0,199,1,4,1,1,99,0,0,0,0,0
"100",9,4,1,1,4,8,0,199,1,0.5,4,1,149,1,2,8,1,249,0,0,0,0,0
"101",9,5,0,1,0.5,4,1,149,1,2,2,1,249,1,0.5,8,1,199,0,0,0,0,0
"102",9,6,1,1,2,8,0,99,1,0.5,2,1,99,1,0.5,2,1,249,0,0,0,0,0
"103",9,7,3,1,0.5,2,0,149,1,2,1,1,199,1,1,2,0,149,0,0,0,0,0
"104",9,8,2,1,0.5,2,0,149,1,1,4,0,99,1,1,1,1,199,0,0,0,0,0
"105",9,9,0,1,0.5,4,0,149,1,4,4,1,99,1,0.5,4,1,249,0,0,0,0,0
"106",9,10,2,1,1,8,1,99,1,2,4,0,149,1,0.5,2,0,149,0,0,0,0,0
"107",9,11,0,1,4,2,1,99,1,0.5,1,1,99,1,1,8,0,249,0,0,0,0,0
"108",9,12,0,1,4,1,0,249,1,0.5,4,1,99,1,1,1,1,99,0,0,0,0,0
"109",10,1,3,1,2,1,0,199,1,0.5,4,1,149,1,1,4,1,249,0,0,0,0,0
"110",10,2,1,1,2,2,0,149,1,0.5,1,1,199,1,4,1,0,199,0,0,0,0,0
"111",10,3,1,1,4,8,1,149,1,0.5,4,0,199,1,4,1,1,99,0,0,0,0,0
"112",10,4,1,1,4,8,0,199,1,0.5,4,1,149,1,2,8,1,249,0,0,0,0,0
"113",10,5,3,1,0.5,4,1,149,1,2,2,1,249,1,0.5,8,1,199,0,0,0,0,0
"114",10,6,1,1,2,8,0,99,1,0.5,2,1,99,1,0.5,2,1,249,0,0,0,0,0
"115",10,7,3,1,0.5,2,0,149,1,2,1,1,199,1,1,2,0,149,0,0,0,0,0
"116",10,8,2,1,0.5,2,0,149,1,1,4,0,99,1,1,1,1,199,0,0,0,0,0
"117",10,9,2,1,0.5,4,0,149,1,4,4,1,99,1,0.5,4,1,249,0,0,0,0,0
"118",10,10,1,1,1,8,1,99,1,2,4,0,149,1,0.5,2,0,149,0,0,0,0,0
"119",10,11,1,1,4,2,1,99,1,0.5,1,1,99,1,1,8,0,249,0,0,0,0,0
"120",10,12,1,1,4,1,0,249,1,0.5,4,1,99,1,1,1,1,99,0,0,0,0,0
"121",11,1,1,1,2,1,0,199,1,0.5,4,1,149,1,1,4,1,249,0,0,0,0,0
"122",11,2,1,1,2,2,0,149,1,0.5,1,1,199,1,4,1,0,199,0,0,0,0,0
"123",11,3,2,1,4,8,1,149,1,0.5,4,0,199,1,4,1,1,99,0,0,0,0,0
"124",11,4,1,1,4,8,0,199,1,0.5,4,1,149,1,2,8,1,249,0,0,0,0,0
"125",11,5,3,1,0.5,4,1,149,1,2,2,1,249,1,0.5,8,1,199,0,0,0,0,0
"126",11,6,1,1,2,8,0,99,1,0.5,2,1,99,1,0.5,2,1,249,0,0,0,0,0
"127",11,7,3,1,0.5,2,0,149,1,2,1,1,199,1,1,2,0,149,0,0,0,0,0
"128",11,8,2,1,0.5,2,0,149,1,1,4,0,99,1,1,1,1,199,0,0,0,0,0
"129",11,9,1,1,0.5,4,0,149,1,4,4,1,99,1,0.5,4,1,249,0,0,0,0,0
"130",11,10,2,1,1,8,1,99,1,2,4,0,149,1,0.5,2,0,149,0,0,0,0,0
"131",11,11,1,1,4,2,1,99,1,0.5,1,1,99,1,1,8,0,249,0,0,0,0,0
"132",11,12,1,1,4,1,0,249,1,0.5,4,1,99,1,1,1,1,99,0,0,0,0,0
"133",12,1,1,1,2,1,0,199,1,0.5,4,1,149,1,1,4,1,249,0,0,0,0,0
"134",12,2,3,1,2,2,0,149,1,0.5,1,1,199,1,4,1,0,199,0,0,0,0,0
"135",12,3,1,1,4,8,1,149,1,0.5,4,0,199,1,4,1,1,99,0,0,0,0,0
"136",12,4,1,1,4,8,0,199,1,0.5,4,1,149,1,2,8,1,249,0,0,0,0,0
"137",12,5,2,1,0.5,4,1,149,1,2,2,1,249,1,0.5,8,1,199,0,0,0,0,0
"138",12,6,1,1,2,8,0,99,1,0.5,2,1,99,1,0.5,2,1,249,0,0,0,0,0
"139",12,7,2,1,0.5,2,0,149,1,2,1,1,199,1,1,2,0,149,0,0,0,0,0
"140",12,8,3,1,0.5,2,0,149,1,1,4,0,99,1,1,1,1,199,0,0,0,0,0
"141",12,9,2,1,0.5,4,0,149,1,4,4,1,99,1,0.5,4,1,249,0,0,0,0,0
"142",12,10,1,1,1,8,1,99,1,2,4,0,149,1,0.5,2,0,149,0,0,0,0,0
"143",12,11,1,1,4,2,1,99,1,0.5,1,1,99,1,1,8,0,249,0,0,0,0,0
"144",12,12,2,1,4,1,0,249,1,0.5,4,1,99,1,1,1,1,99,0,0,0,0,0
"145",13,1,2,1,2,1,0,199,1,0.5,4,1,149,1,1,4,1,249,0,0,0,0,0
"146",13,2,3,1,2,2,0,149,1,0.5,1,1,199,1,4,1,0,199,0,0,0,0,0
"147",13,3,3,1,4,8,1,149,1,0.5,4,0,199,1,4,1,1,99,0,0,0,0,0
"148",13,4,1,1,4,8,0,199,1,0.5,4,1,149,1,2,8,1,249,0,0,0,0,0
"149",13,5,3,1,0.5,4,1,149,1,2,2,1,249,1,0.5,8,1,199,0,0,0,0,0
"150",13,6,2,1,2,8,0,99,1,0.5,2,1,99,1,0.5,2,1,249,0,0,0,0,0
"151",13,7,2,1,0.5,2,0,149,1,2,1,1,199,1,1,2,0,149,0,0,0,0,0
"152",13,8,2,1,0.5,2,0,149,1,1,4,0,99,1,1,1,1,199,0,0,0,0,0
"153",13,9,2,1,0.5,4,0,149,1,4,4,1,99,1,0.5,4,1,249,0,0,0,0,0
"154",13,10,1,1,1,8,1,99,1,2,4,0,149,1,0.5,2,0,149,0,0,0,0,0
"155",13,11,1,1,4,2,1,99,1,0.5,1,1,99,1,1,8,0,249,0,0,0,0,0
"156",13,12,2,1,4,1,0,249,1,0.5,4,1,99,1,1,1,1,99,0,0,0,0,0
"157",14,1,1,1,2,1,0,199,1,0.5,4,1,149,1,1,4,1,249,0,0,0,0,0
"158",14,2,3,1,2,2,0,149,1,0.5,1,1,199,1,4,1,0,199,0,0,0,0,0
"159",14,3,0,1,4,8,1,149,1,0.5,4,0,199,1,4,1,1,99,0,0,0,0,0
"160",14,4,1,1,4,8,0,199,1,0.5,4,1,149,1,2,8,1,249,0,0,0,0,0
"161",14,5,0,1,0.5,4,1,149,1,2,2,1,249,1,0.5,8,1,199,0,0,0,0,0
"162",14,6,1,1,2,8,0,99,1,0.5,2,1,99,1,0.5,2,1,249,0,0,0,0,0
"163",14,7,3,1,0.5,2,0,149,1,2,1,1,199,1,1,2,0,149,0,0,0,0,0
"164",14,8,2,1,0.5,2,0,149,1,1,4,0,99,1,1,1,1,199,0,0,0,0,0
"165",14,9,0,1,0.5,4,0,149,1,4,4,1,99,1,0.5,4,1,249,0,0,0,0,0
"166",14,10,2,1,1,8,1,99,1,2,4,0,149,1,0.5,2,0,149,0,0,0,0,0
"167",14,11,3,1,4,2,1,99,1,0.5,1,1,99,1,1,8,0,249,0,0,0,0,0
"168",14,12,1,1,4,1,0,249,1,0.5,4,1,99,1,1,1,1,99,0,0,0,0,0
"169",15,1,1,1,2,1,0,199,1,0.5,4,1,149,1,1,4,1,249,0,0,0,0,0
"170",15,2,3,1,2,2,0,149,1,0.5,1,1,199,1,4,1,0,199,0,0,0,0,0
"171",15,3,0,1,4,8,1,149,1,0.5,4,0,199,1,4,1,1,99,0,0,0,0,0
"172",15,4,1,1,4,8,0,199,1,0.5,4,1,149,1,2,8,1,249,0,0,0,0,0
"173",15,5,0,1,0.5,4,1,149,1,2,2,1,249,1,0.5,8,1,199,0,0,0,0,0
"174",15,6,1,1,2,8,0,99,1,0.5,2,1,99,1,0.5,2,1,249,0,0,0,0,0
"175",15,7,3,1,0.5,2,0,149,1,2,1,1,199,1,1,2,0,149,0,0,0,0,0
"176",15,8,2,1,0.5,2,0,149,1,1,4,0,99,1,1,1,1,199,0,0,0,0,0
"177",15,9,0,1,0.5,4,0,149,1,4,4,1,99,1,0.5,4,1,249,0,0,0,0,0
"178",15,10,2,1,1,8,1,99,1,2,4,0,149,1,0.5,2,0,149,0,0,0,0,0
"179",15,11,0,1,4,2,1,99,1,0.5,1,1,99,1,1,8,0,249,0,0,0,0,0
"180",15,12,0,1,4,1,0,249,1,0.5,4,1,99,1,1,1,1,99,0,0,0,0,0
"181",16,1,1,1,2,1,0,199,1,0.5,4,1,149,1,1,4,1,249,0,0,0,0,0
"182",16,2,1,1,2,2,0,149,1,0.5,1,1,199,1,4,1,0,199,0,0,0,0,0
"183",16,3,1,1,4,8,1,149,1,0.5,4,0,199,1,4,1,1,99,0,0,0,0,0
"184",16,4,1,1,4,8,0,199,1,0.5,4,1,149,1,2,8,1,249,0,0,0,0,0
"185",16,5,3,1,0.5,4,1,149,1,2,2,1,249,1,0.5,8,1,199,0,0,0,0,0
"186",16,6,1,1,2,8,0,99,1,0.5,2,1,99,1,0.5,2,1,249,0,0,0,0,0
"187",16,7,3,1,0.5,2,0,149,1,2,1,1,199,1,1,2,0,149,0,0,0,0,0
"188",16,8,2,1,0.5,2,0,149,1,1,4,0,99,1,1,1,1,199,0,0,0,0,0
"189",16,9,2,1,0.5,4,0,149,1,4,4,1,99,1,0.5,4,1,249,0,0,0,0,0
"190",16,10,2,1,1,8,1,99,1,2,4,0,149,1,0.5,2,0,149,0,0,0,0,0
"191",16,11,1,1,4,2,1,99,1,0.5,1,1,99,1,1,8,0,249,0,0,0,0,0
"192",16,12,0,1,4,1,0,249,1,0.5,4,1,99,1,1,1,1,99,0,0,0,0,0
"193",17,1,0,1,2,1,0,199,1,0.5,4,1,149,1,1,4,1,249,0,0,0,0,0
"194",17,2,0,1,2,2,0,149,1,0.5,1,1,199,1,4,1,0,199,0,0,0,0,0
"195",17,3,3,1,4,8,1,149,1,0.5,4,0,199,1,4,1,1,99,0,0,0,0,0
"196",17,4,0,1,4,8,0,199,1,0.5,4,1,149,1,2,8,1,249,0,0,0,0,0
"197",17,5,3,1,0.5,4,1,149,1,2,2,1,249,1,0.5,8,1,199,0,0,0,0,0
"198",17,6,0,1,2,8,0,99,1,0.5,2,1,99,1,0.5,2,1,249,0,0,0,0,0
"199",17,7,0,1,0.5,2,0,149,1,2,1,1,199,1,1,2,0,149,0,0,0,0,0
"200",17,8,0,1,0.5,2,0,149,1,1,4,0,99,1,1,1,1,199,0,0,0,0,0
"201",17,9,0,1,0.5,4,0,149,1,4,4,1,99,1,0.5,4,1,249,0,0,0,0,0
"202",17,10,1,1,1,8,1,99,1,2,4,0,149,1,0.5,2,0,149,0,0,0,0,0
"203",17,11,1,1,4,2,1,99,1,0.5,1,1,99,1,1,8,0,249,0,0,0,0,0
"204",17,12,3,1,4,1,0,249,1,0.5,4,1,99,1,1,1,1,99,0,0,0,0,0
"205",18,1,1,1,2,1,0,199,1,0.5,4,1,149,1,1,4,1,249,0,0,0,0,0
"206",18,2,3,1,2,2,0,149,1,0.5,1,1,199,1,4,1,0,199,0,0,0,0,0
"207",18,3,2,1,4,8,1,149,1,0.5,4,0,199,1,4,1,1,99,0,0,0,0,0
"208",18,4,1,1,4,8,0,199,1,0.5,4,1,149,1,2,8,1,249,0,0,0,0,0
"209",18,5,0,1,0.5,4,1,149,1,2,2,1,249,1,0.5,8,1,199,0,0,0,0,0
"210",18,6,1,1,2,8,0,99,1,0.5,2,1,99,1,0.5,2,1,249,0,0,0,0,0
"211",18,7,3,1,0.5,2,0,149,1,2,1,1,199,1,1,2,0,149,0,0,0,0,0
"212",18,8,2,1,0.5,2,0,149,1,1,4,0,99,1,1,1,1,199,0,0,0,0,0
"213",18,9,1,1,0.5,4,0,149,1,4,4,1,99,1,0.5,4,1,249,0,0,0,0,0
"214",18,10,2,1,1,8,1,99,1,2,4,0,149,1,0.5,2,0,149,0,0,0,0,0
"215",18,11,3,1,4,2,1,99,1,0.5,1,1,99,1,1,8,0,249,0,0,0,0,0
"216",18,12,1,1,4,1,0,249,1,0.5,4,1,99,1,1,1,1,99,0,0,0,0,0
"217",19,1,1,1,2,1,0,199,1,0.5,4,1,149,1,1,4,1,249,0,0,0,0,0
"218",19,2,1,1,2,2,0,149,1,0.5,1,1,199,1,4,1,0,199,0,0,0,0,0
"219",19,3,0,1,4,8,1,149,1,0.5,4,0,199,1,4,1,1,99,0,0,0,0,0
"220",19,4,1,1,4,8,0,199,1,0.5,4,1,149,1,2,8,1,249,0,0,0,0,0
"221",19,5,0,1,0.5,4,1,149,1,2,2,1,249,1,0.5,8,1,199,0,0,0,0,0
"222",19,6,1,1,2,8,0,99,1,0.5,2,1,99,1,0.5,2,1,249,0,0,0,0,0
"223",19,7,3,1,0.5,2,0,149,1,2,1,1,199,1,1,2,0,149,0,0,0,0,0
"224",19,8,2,1,0.5,2,0,149,1,1,4,0,99,1,1,1,1,199,0,0,0,0,0
"225",19,9,0,1,0.5,4,0,149,1,4,4,1,99,1,0.5,4,1,249,0,0,0,0,0
"226",19,10,2,1,1,8,1,99,1,2,4,0,149,1,0.5,2,0,149,0,0,0,0,0
"227",19,11,0,1,4,2,1,99,1,0.5,1,1,99,1,1,8,0,249,0,0,0,0,0
"228",19,12,0,1,4,1,0,249,1,0.5,4,1,99,1,1,1,1,99,0,0,0,0,0
"229",20,1,1,1,2,1,0,199,1,0.5,4,1,149,1,1,4,1,249,0,0,0,0,0
"230",20,2,1,1,2,2,0,149,1,0.5,1,1,199,1,4,1,0,199,0,0,0,0,0
"231",20,3,3,1,4,8,1,149,1,0.5,4,0,199,1,4,1,1,99,0,0,0,0,0
"232",20,4,1,1,4,8,0,199,1,0.5,4,1,149,1,2,8,1,249,0,0,0,0,0
"233",20,5,3,1,0.5,4,1,149,1,2,2,1,249,1,0.5,8,1,199,0,0,0,0,0
"234",20,6,1,1,2,8,0,99,1,0.5,2,1,99,1,0.5,2,1,249,0,0,0,0,0
"235",20,7,3,1,0.5,2,0,149,1,2,1,1,199,1,1,2,0,149,0,0,0,0,0
"236",20,8,2,1,0.5,2,0,149,1,1,4,0,99,1,1,1,1,199,0,0,0,0,0
"237",20,9,2,1,0.5,4,0,149,1,4,4,1,99,1,0.5,4,1,249,0,0,0,0,0
"238",20,10,1,1,1,8,1,99,1,2,4,0,149,1,0.5,2,0,149,0,0,0,0,0
"239",20,11,1,1,4,2,1,99,1,0.5,1,1,99,1,1,8,0,249,0,0,0,0,0
"240",20,12,3,1,4,1,0,249,1,0.5,4,1,99,1,1,1,1,99,0,0,0,0,0
"241",21,1,0,1,2,1,0,199,1,0.5,4,1,149,1,1,4,1,249,0,0,0,0,0
"242",21,2,1,1,2,2,0,149,1,0.5,1,1,199,1,4,1,0,199,0,0,0,0,0
"243",21,3,2,1,4,8,1,149,1,0.5,4,0,199,1,4,1,1,99,0,0,0,0,0
"244",21,4,1,1,4,8,0,199,1,0.5,4,1,149,1,2,8,1,249,0,0,0,0,0
"245",21,5,0,1,0.5,4,1,149,1,2,2,1,249,1,0.5,8,1,199,0,0,0,0,0
"246",21,6,1,1,2,8,0,99,1,0.5,2,1,99,1,0.5,2,1,249,0,0,0,0,0
"247",21,7,0,1,0.5,2,0,149,1,2,1,1,199,1,1,2,0,149,0,0,0,0,0
"248",21,8,2,1,0.5,2,0,149,1,1,4,0,99,1,1,1,1,199,0,0,0,0,0
"249",21,9,0,1,0.5,4,0,149,1,4,4,1,99,1,0.5,4,1,249,0,0,0,0,0
"250",21,10,2,1,1,8,1,99,1,2,4,0,149,1,0.5,2,0,149,0,0,0,0,0
"251",21,11,0,1,4,2,1,99,1,0.5,1,1,99,1,1,8,0,249,0,0,0,0,0
"252",21,12,1,1,4,1,0,249,1,0.5,4,1,99,1,1,1,1,99,0,0,0,0,0
"253",22,1,1,1,2,1,0,199,1,0.5,4,1,149,1,1,4,1,249,0,0,0,0,0
"254",22,2,1,1,2,2,0,149,1,0.5,1,1,199,1,4,1,0,199,0,0,0,0,0
"255",22,3,3,1,4,8,1,149,1,0.5,4,0,199,1,4,1,1,99,0,0,0,0,0
"256",22,4,1,1,4,8,0,199,1,0.5,4,1,149,1,2,8,1,249,0,0,0,0,0
"257",22,5,3,1,0.5,4,1,149,1,2,2,1,249,1,0.5,8,1,199,0,0,0,0,0
"258",22,6,1,1,2,8,0,99,1,0.5,2,1,99,1,0.5,2,1,249,0,0,0,0,0
"259",22,7,0,1,0.5,2,0,149,1,2,1,1,199,1,1,2,0,149,0,0,0,0,0
"260",22,8,2,1,0.5,2,0,149,1,1,4,0,99,1,1,1,1,199,0,0,0,0,0
"261",22,9,0,1,0.5,4,0,149,1,4,4,1,99,1,0.5,4,1,249,0,0,0,0,0
"262",22,10,1,1,1,8,1,99,1,2,4,0,149,1,0.5,2,0,149,0,0,0,0,0
"263",22,11,1,1,4,2,1,99,1,0.5,1,1,99,1,1,8,0,249,0,0,0,0,0
"264",22,12,0,1,4,1,0,249,1,0.5,4,1,99,1,1,1,1,99,0,0,0,0,0
"265",23,1,2,1,2,1,0,199,1,0.5,4,1,149,1,1,4,1,249,0,0,0,0,0
"266",23,2,2,1,2,2,0,149,1,0.5,1,1,199,1,4,1,0,199,0,0,0,0,0
"267",23,3,3,1,4,8,1,149,1,0.5,4,0,199,1,4,1,1,99,0,0,0,0,0
"268",23,4,2,1,4,8,0,199,1,0.5,4,1,149,1,2,8,1,249,0,0,0,0,0
"269",23,5,3,1,0.5,4,1,149,1,2,2,1,249,1,0.5,8,1,199,0,0,0,0,0
"270",23,6,1,1,2,8,0,99,1,0.5,2,1,99,1,0.5,2,1,249,0,0,0,0,0
"271",23,7,3,1,0.5,2,0,149,1,2,1,1,199,1,1,2,0,149,0,0,0,0,0
"272",23,8,2,1,0.5,2,0,149,1,1,4,0,99,1,1,1,1,199,0,0,0,0,0
"273",23,9,1,1,0.5,4,0,149,1,4,4,1,99,1,0.5,4,1,249,0,0,0,0,0
"274",23,10,1,1,1,8,1,99,1,2,4,0,149,1,0.5,2,0,149,0,0,0,0,0
"275",23,11,1,1,4,2,1,99,1,0.5,1,1,99,1,1,8,0,249,0,0,0,0,0
"276",23,12,2,1,4,1,0,249,1,0.5,4,1,99,1,1,1,1,99,0,0,0,0,0
"277",24,1,1,1,2,1,0,199,1,0.5,4,1,149,1,1,4,1,249,0,0,0,0,0
"278",24,2,1,1,2,2,0,149,1,0.5,1,1,199,1,4,1,0,199,0,0,0,0,0
"279",24,3,2,1,4,8,1,149,1,0.5,4,0,199,1,4,1,1,99,0,0,0,0,0
"280",24,4,1,1,4,8,0,199,1,0.5,4,1,149,1,2,8,1,249,0,0,0,0,0
"281",24,5,0,1,0.5,4,1,149,1,2,2,1,249,1,0.5,8,1,199,0,0,0,0,0
"282",24,6,1,1,2,8,0,99,1,0.5,2,1,99,1,0.5,2,1,249,0,0,0,0,0
"283",24,7,3,1,0.5,2,0,149,1,2,1,1,199,1,1,2,0,149,0,0,0,0,0
"284",24,8,2,1,0.5,2,0,149,1,1,4,0,99,1,1,1,1,199,0,0,0,0,0
"285",24,9,1,1,0.5,4,0,149,1,4,4,1,99,1,0.5,4,1,249,0,0,0,0,0
"286",24,10,2,1,1,8,1,99,1,2,4,0,149,1,0.5,2,0,149,0,0,0,0,0
"287",24,11,3,1,4,2,1,99,1,0.5,1,1,99,1,1,8,0,249,0,0,0,0,0
"288",24,12,1,1,4,1,0,249,1,0.5,4,1,99,1,1,1,1,99,0,0,0,0,0
"289",25,1,1,1,2,1,0,199,1,0.5,4,1,149,1,1,4,1,249,0,0,0,0,0
"290",25,2,3,1,2,2,0,149,1,0.5,1,1,199,1,4,1,0,199,0,0,0,0,0
"291",25,3,2,1,4,8,1,149,1,0.5,4,0,199,1,4,1,1,99,0,0,0,0,0
"292",25,4,1,1,4,8,0,199,1,0.5,4,1,149,1,2,8,1,249,0,0,0,0,0
"293",25,5,0,1,0.5,4,1,149,1,2,2,1,249,1,0.5,8,1,199,0,0,0,0,0
"294",25,6,1,1,2,8,0,99,1,0.5,2,1,99,1,0.5,2,1,249,0,0,0,0,0
"295",25,7,3,1,0.5,2,0,149,1,2,1,1,199,1,1,2,0,149,0,0,0,0,0
"296",25,8,2,1,0.5,2,0,149,1,1,4,0,99,1,1,1,1,199,0,0,0,0,0
"297",25,9,1,1,0.5,4,0,149,1,4,4,1,99,1,0.5,4,1,249,0,0,0,0,0
"298",25,10,2,1,1,8,1,99,1,2,4,0,149,1,0.5,2,0,149,0,0,0,0,0
"299",25,11,3,1,4,2,1,99,1,0.5,1,1,99,1,1,8,0,249,0,0,0,0,0
"300",25,12,1,1,4,1,0,249,1,0.5,4,1,99,1,1,1,1,99,0,0,0,0,0
"301",26,1,1,1,2,1,0,199,1,0.5,4,1,149,1,1,4,1,249,0,0,0,0,0
"302",26,2,1,1,2,2,0,149,1,0.5,1,1,199,1,4,1,0,199,0,0,0,0,0
"303",26,3,2,1,4,8,1,149,1,0.5,4,0,199,1,4,1,1,99,0,0,0,0,0
"304",26,4,1,1,4,8,0,199,1,0.5,4,1,149,1,2,8,1,249,0,0,0,0,0
"305",26,5,0,1,0.5,4,1,149,1,2,2,1,249,1,0.5,8,1,199,0,0,0,0,0
"306",26,6,1,1,2,8,0,99,1,0.5,2,1,99,1,0.5,2,1,249,0,0,0,0,0
"307",26,7,3,1,0.5,2,0,149,1,2,1,1,199,1,1,2,0,149,0,0,0,0,0
"308",26,8,2,1,0.5,2,0,149,1,1,4,0,99,1,1,1,1,199,0,0,0,0,0
"309",26,9,1,1,0.5,4,0,149,1,4,4,1,99,1,0.5,4,1,249,0,0,0,0,0
"310",26,10,2,1,1,8,1,99,1,2,4,0,149,1,0.5,2,0,149,0,0,0,0,0
"311",26,11,3,1,4,2,1,99,1,0.5,1,1,99,1,1,8,0,249,0,0,0,0,0
"312",26,12,1,1,4,1,0,249,1,0.5,4,1,99,1,1,1,1,99,0,0,0,0,0
"313",27,1,1,1,2,1,0,199,1,0.5,4,1,149,1,1,4,1,249,0,0,0,0,0
"314",27,2,1,1,2,2,0,149,1,0.5,1,1,199,1,4,1,0,199,0,0,0,0,0
"315",27,3,0,1,4,8,1,149,1,0.5,4,0,199,1,4,1,1,99,0,0,0,0,0
"316",27,4,1,1,4,8,0,199,1,0.5,4,1,149,1,2,8,1,249,0,0,0,0,0
"317",27,5,0,1,0.5,4,1,149,1,2,2,1,249,1,0.5,8,1,199,0,0,0,0,0
"318",27,6,1,1,2,8,0,99,1,0.5,2,1,99,1,0.5,2,1,249,0,0,0,0,0
"319",27,7,3,1,0.5,2,0,149,1,2,1,1,199,1,1,2,0,149,0,0,0,0,0
"320",27,8,2,1,0.5,2,0,149,1,1,4,0,99,1,1,1,1,199,0,0,0,0,0
"321",27,9,1,1,0.5,4,0,149,1,4,4,1,99,1,0.5,4,1,249,0,0,0,0,0
"322",27,10,2,1,1,8,1,99,1,2,4,0,149,1,0.5,2,0,149,0,0,0,0,0
"323",27,11,0,1,4,2,1,99,1,0.5,1,1,99,1,1,8,0,249,0,0,0,0,0
"324",27,12,0,1,4,1,0,249,1,0.5,4,1,99,1,1,1,1,99,0,0,0,0,0
"325",28,1,2,1,2,1,0,199,1,0.5,4,1,149,1,1,4,1,249,0,0,0,0,0
"326",28,2,3,1,2,2,0,149,1,0.5,1,1,199,1,4,1,0,199,0,0,0,0,0
"327",28,3,3,1,4,8,1,149,1,0.5,4,0,199,1,4,1,1,99,0,0,0,0,0
"328",28,4,2,1,4,8,0,199,1,0.5,4,1,149,1,2,8,1,249,0,0,0,0,0
"329",28,5,3,1,0.5,4,1,149,1,2,2,1,249,1,0.5,8,1,199,0,0,0,0,0
"330",28,6,1,1,2,8,0,99,1,0.5,2,1,99,1,0.5,2,1,249,0,0,0,0,0
"331",28,7,3,1,0.5,2,0,149,1,2,1,1,199,1,1,2,0,149,0,0,0,0,0
"332",28,8,2,1,0.5,2,0,149,1,1,4,0,99,1,1,1,1,199,0,0,0,0,0
"333",28,9,1,1,0.5,4,0,149,1,4,4,1,99,1,0.5,4,1,249,0,0,0,0,0
"334",28,10,1,1,1,8,1,99,1,2,4,0,149,1,0.5,2,0,149,0,0,0,0,0
"335",28,11,1,1,4,2,1,99,1,0.5,1,1,99,1,1,8,0,249,0,0,0,0,0
"336",28,12,2,1,4,1,0,249,1,0.5,4,1,99,1,1,1,1,99,0,0,0,0,0
"337",29,1,1,1,2,1,0,199,1,0.5,4,1,149,1,1,4,1,249,0,0,0,0,0
"338",29,2,1,1,2,2,0,149,1,0.5,1,1,199,1,4,1,0,199,0,0,0,0,0
"339",29,3,1,1,4,8,1,149,1,0.5,4,0,199,1,4,1,1,99,0,0,0,0,0
"340",29,4,1,1,4,8,0,199,1,0.5,4,1,149,1,2,8,1,249,0,0,0,0,0
"341",29,5,3,1,0.5,4,1,149,1,2,2,1,249,1,0.5,8,1,199,0,0,0,0,0
"342",29,6,1,1,2,8,0,99,1,0.5,2,1,99,1,0.5,2,1,249,0,0,0,0,0
"343",29,7,3,1,0.5,2,0,149,1,2,1,1,199,1,1,2,0,149,0,0,0,0,0
"344",29,8,2,1,0.5,2,0,149,1,1,4,0,99,1,1,1,1,199,0,0,0,0,0
"345",29,9,1,1,0.5,4,0,149,1,4,4,1,99,1,0.5,4,1,249,0,0,0,0,0
"346",29,10,1,1,1,8,1,99,1,2,4,0,149,1,0.5,2,0,149,0,0,0,0,0
"347",29,11,1,1,4,2,1,99,1,0.5,1,1,99,1,1,8,0,249,0,0,0,0,0
"348",29,12,2,1,4,1,0,249,1,0.5,4,1,99,1,1,1,1,99,0,0,0,0,0
"349",30,1,1,1,2,1,0,199,1,0.5,4,1,149,1,1,4,1,249,0,0,0,0,0
"350",30,2,1,1,2,2,0,149,1,0.5,1,1,199,1,4,1,0,199,0,0,0,0,0
"351",30,3,1,1,4,8,1,149,1,0.5,4,0,199,1,4,1,1,99,0,0,0,0,0
"352",30,4,1,1,4,8,0,199,1,0.5,4,1,149,1,2,8,1,249,0,0,0,0,0
"353",30,5,0,1,0.5,4,1,149,1,2,2,1,249,1,0.5,8,1,199,0,0,0,0,0
"354",30,6,1,1,2,8,0,99,1,0.5,2,1,99,1,0.5,2,1,249,0,0,0,0,0
"355",30,7,0,1,0.5,2,0,149,1,2,1,1,199,1,1,2,0,149,0,0,0,0,0
"356",30,8,0,1,0.5,2,0,149,1,1,4,0,99,1,1,1,1,199,0,0,0,0,0
"357",30,9,0,1,0.5,4,0,149,1,4,4,1,99,1,0.5,4,1,249,0,0,0,0,0
"358",30,10,0,1,1,8,1,99,1,2,4,0,149,1,0.5,2,0,149,0,0,0,0,0
"359",30,11,0,1,4,2,1,99,1,0.5,1,1,99,1,1,8,0,249,0,0,0,0,0
"360",30,12,0,1,4,1,0,249,1,0.5,4,1,99,1,1,1,1,99,0,0,0,0,0
"361",31,1,0,1,2,1,0,199,1,0.5,4,1,149,1,1,4,1,249,0,0,0,0,0
"362",31,2,0,1,2,2,0,149,1,0.5,1,1,199,1,4,1,0,199,0,0,0,0,0
"363",31,3,1,1,4,8,1,149,1,0.5,4,0,199,1,4,1,1,99,0,0,0,0,0
"364",31,4,2,1,4,8,0,199,1,0.5,4,1,149,1,2,8,1,249,0,0,0,0,0
"365",31,5,3,1,0.5,4,1,149,1,2,2,1,249,1,0.5,8,1,199,0,0,0,0,0
"366",31,6,2,1,2,8,0,99,1,0.5,2,1,99,1,0.5,2,1,249,0,0,0,0,0
"367",31,7,0,1,0.5,2,0,149,1,2,1,1,199,1,1,2,0,149,0,0,0,0,0
"368",31,8,0,1,0.5,2,0,149,1,1,4,0,99,1,1,1,1,199,0,0,0,0,0
"369",31,9,2,1,0.5,4,0,149,1,4,4,1,99,1,0.5,4,1,249,0,0,0,0,0
"370",31,10,1,1,1,8,1,99,1,2,4,0,149,1,0.5,2,0,149,0,0,0,0,0
"371",31,11,1,1,4,2,1,99,1,0.5,1,1,99,1,1,8,0,249,0,0,0,0,0
"372",31,12,2,1,4,1,0,249,1,0.5,4,1,99,1,1,1,1,99,0,0,0,0,0
"373",32,1,1,1,2,1,0,199,1,0.5,4,1,149,1,1,4,1,249,0,0,0,0,0
"374",32,2,3,1,2,2,0,149,1,0.5,1,1,199,1,4,1,0,199,0,0,0,0,0
"375",32,3,1,1,4,8,1,149,1,0.5,4,0,199,1,4,1,1,99,0,0,0,0,0
"376",32,4,1,1,4,8,0,199,1,0.5,4,1,149,1,2,8,1,249,0,0,0,0,0
"377",32,5,3,1,0.5,4,1,149,1,2,2,1,249,1,0.5,8,1,199,0,0,0,0,0
"378",32,6,1,1,2,8,0,99,1,0.5,2,1,99,1,0.5,2,1,249,0,0,0,0,0
"379",32,7,3,1,0.5,2,0,149,1,2,1,1,199,1,1,2,0,149,0,0,0,0,0
"380",32,8,2,1,0.5,2,0,149,1,1,4,0,99,1,1,1,1,199,0,0,0,0,0
"381",32,9,2,1,0.5,4,0,149,1,4,4,1,99,1,0.5,4,1,249,0,0,0,0,0
"382",32,10,2,1,1,8,1,99,1,2,4,0,149,1,0.5,2,0,149,0,0,0,0,0
"383",32,11,1,1,4,2,1,99,1,0.5,1,1,99,1,1,8,0,249,0,0,0,0,0
"384",32,12,3,1,4,1,0,249,1,0.5,4,1,99,1,1,1,1,99,0,0,0,0,0
"385",33,1,1,1,2,1,0,199,1,0.5,4,1,149,1,1,4,1,249,0,0,0,0,0
"386",33,2,1,1,2,2,0,149,1,0.5,1,1,199,1,4,1,0,199,0,0,0,0,0
"387",33,3,2,1,4,8,1,149,1,0.5,4,0,199,1,4,1,1,99,0,0,0,0,0
"388",33,4,1,1,4,8,0,199,1,0.5,4,1,149,1,2,8,1,249,0,0,0,0,0
"389",33,5,3,1,0.5,4,1,149,1,2,2,1,249,1,0.5,8,1,199,0,0,0,0,0
"390",33,6,1,1,2,8,0,99,1,0.5,2,1,99,1,0.5,2,1,249,0,0,0,0,0
"391",33,7,3,1,0.5,2,0,149,1,2,1,1,199,1,1,2,0,149,0,0,0,0,0
"392",33,8,2,1,0.5,2,0,149,1,1,4,0,99,1,1,1,1,199,0,0,0,0,0
"393",33,9,0,1,0.5,4,0,149,1,4,4,1,99,1,0.5,4,1,249,0,0,0,0,0
"394",33,10,2,1,1,8,1,99,1,2,4,0,149,1,0.5,2,0,149,0,0,0,0,0
"395",33,11,1,1,4,2,1,99,1,0.5,1,1,99,1,1,8,0,249,0,0,0,0,0
"396",33,12,3,1,4,1,0,249,1,0.5,4,1,99,1,1,1,1,99,0,0,0,0,0
"397",34,1,1,1,2,1,0,199,1,0.5,4,1,149,1,1,4,1,249,0,0,0,0,0
"398",34,2,1,1,2,2,0,149,1,0.5,1,1,199,1,4,1,0,199,0,0,0,0,0
"399",34,3,3,1,4,8,1,149,1,0.5,4,0,199,1,4,1,1,99,0,0,0,0,0
"400",34,4,1,1,4,8,0,199,1,0.5,4,1,149,1,2,8,1,249,0,0,0,0,0
"401",34,5,0,1,0.5,4,1,149,1,2,2,1,249,1,0.5,8,1,199,0,0,0,0,0
"402",34,6,1,1,2,8,0,99,1,0.5,2,1,99,1,0.5,2,1,249,0,0,0,0,0
"403",34,7,3,1,0.5,2,0,149,1,2,1,1,199,1,1,2,0,149,0,0,0,0,0
"404",34,8,2,1,0.5,2,0,149,1,1,4,0,99,1,1,1,1,199,0,0,0,0,0
"405",34,9,0,1,0.5,4,0,149,1,4,4,1,99,1,0.5,4,1,249,0,0,0,0,0
"406",34,10,2,1,1,8,1,99,1,2,4,0,149,1,0.5,2,0,149,0,0,0,0,0
"407",34,11,0,1,4,2,1,99,1,0.5,1,1,99,1,1,8,0,249,0,0,0,0,0
"408",34,12,0,1,4,1,0,249,1,0.5,4,1,99,1,1,1,1,99,0,0,0,0,0
"409",35,1,2,1,2,1,0,199,1,0.5,4,1,149,1,1,4,1,249,0,0,0,0,0
"410",35,2,1,1,2,2,0,149,1,0.5,1,1,199,1,4,1,0,199,0,0,0,0,0
"411",35,3,1,1,4,8,1,149,1,0.5,4,0,199,1,4,1,1,99,0,0,0,0,0
"412",35,4,1,1,4,8,0,199,1,0.5,4,1,149,1,2,8,1,249,0,0,0,0,0
"413",35,5,3,1,0.5,4,1,149,1,2,2,1,249,1,0.5,8,1,199,0,0,0,0,0
"414",35,6,1,1,2,8,0,99,1,0.5,2,1,99,1,0.5,2,1,249,0,0,0,0,0
"415",35,7,2,1,0.5,2,0,149,1,2,1,1,199,1,1,2,0,149,0,0,0,0,0
"416",35,8,2,1,0.5,2,0,149,1,1,4,0,99,1,1,1,1,199,0,0,0,0,0
"417",35,9,1,1,0.5,4,0,149,1,4,4,1,99,1,0.5,4,1,249,0,0,0,0,0
"418",35,10,1,1,1,8,1,99,1,2,4,0,149,1,0.5,2,0,149,0,0,0,0,0
"419",35,11,1,1,4,2,1,99,1,0.5,1,1,99,1,1,8,0,249,0,0,0,0,0
"420",35,12,2,1,4,1,0,249,1,0.5,4,1,99,1,1,1,1,99,0,0,0,0,0
"421",36,1,1,1,2,1,0,199,1,0.5,4,1,149,1,1,4,1,249,0,0,0,0,0
"422",36,2,1,1,2,2,0,149,1,0.5,1,1,199,1,4,1,0,199,0,0,0,0,0
"423",36,3,1,1,4,8,1,149,1,0.5,4,0,199,1,4,1,1,99,0,0,0,0,0
"424",36,4,1,1,4,8,0,199,1,0.5,4,1,149,1,2,8,1,249,0,0,0,0,0
"425",36,5,0,1,0.5,4,1,149,1,2,2,1,249,1,0.5,8,1,199,0,0,0,0,0
"426",36,6,1,1,2,8,0,99,1,0.5,2,1,99,1,0.5,2,1,249,0,0,0,0,0
"427",36,7,3,1,0.5,2,0,149,1,2,1,1,199,1,1,2,0,149,0,0,0,0,0
"428",36,8,2,1,0.5,2,0,149,1,1,4,0,99,1,1,1,1,199,0,0,0,0,0
"429",36,9,0,1,0.5,4,0,149,1,4,4,1,99,1,0.5,4,1,249,0,0,0,0,0
"430",36,10,2,1,1,8,1,99,1,2,4,0,149,1,0.5,2,0,149,0,0,0,0,0
"431",36,11,1,1,4,2,1,99,1,0.5,1,1,99,1,1,8,0,249,0,0,0,0,0
"432",36,12,3,1,4,1,0,249,1,0.5,4,1,99,1,1,1,1,99,0,0,0,0,0
"433",37,1,0,1,2,1,0,199,1,0.5,4,1,149,1,1,4,1,249,0,0,0,0,0
"434",37,2,1,1,2,2,0,149,1,0.5,1,1,199,1,4,1,0,199,0,0,0,0,0
"435",37,3,1,1,4,8,1,149,1,0.5,4,0,199,1,4,1,1,99,0,0,0,0,0
"436",37,4,1,1,4,8,0,199,1,0.5,4,1,149,1,2,8,1,249,0,0,0,0,0
"437",37,5,3,1,0.5,4,1,149,1,2,2,1,249,1,0.5,8,1,199,0,0,0,0,0
"438",37,6,1,1,2,8,0,99,1,0.5,2,1,99,1,0.5,2,1,249,0,0,0,0,0
"439",37,7,0,1,0.5,2,0,149,1,2,1,1,199,1,1,2,0,149,0,0,0,0,0
"440",37,8,2,1,0.5,2,0,149,1,1,4,0,99,1,1,1,1,199,0,0,0,0,0
"441",37,9,1,1,0.5,4,0,149,1,4,4,1,99,1,0.5,4,1,249,0,0,0,0,0
"442",37,10,1,1,1,8,1,99,1,2,4,0,149,1,0.5,2,0,149,0,0,0,0,0
"443",37,11,1,1,4,2,1,99,1,0.5,1,1,99,1,1,8,0,249,0,0,0,0,0
"444",37,12,0,1,4,1,0,249,1,0.5,4,1,99,1,1,1,1,99,0,0,0,0,0
"445",38,1,1,1,2,1,0,199,1,0.5,4,1,149,1,1,4,1,249,0,0,0,0,0
"446",38,2,1,1,2,2,0,149,1,0.5,1,1,199,1,4,1,0,199,0,0,0,0,0
"447",38,3,1,1,4,8,1,149,1,0.5,4,0,199,1,4,1,1,99,0,0,0,0,0
"448",38,4,1,1,4,8,0,199,1,0.5,4,1,149,1,2,8,1,249,0,0,0,0,0
"449",38,5,3,1,0.5,4,1,149,1,2,2,1,249,1,0.5,8,1,199,0,0,0,0,0
"450",38,6,1,1,2,8,0,99,1,0.5,2,1,99,1,0.5,2,1,249,0,0,0,0,0
"451",38,7,3,1,0.5,2,0,149,1,2,1,1,199,1,1,2,0,149,0,0,0,0,0
"452",38,8,2,1,0.5,2,0,149,1,1,4,0,99,1,1,1,1,199,0,0,0,0,0
"453",38,9,1,1,0.5,4,0,149,1,4,4,1,99,1,0.5,4,1,249,0,0,0,0,0
"454",38,10,1,1,1,8,1,99,1,2,4,0,149,1,0.5,2,0,149,0,0,0,0,0
"455",38,11,1,1,4,2,1,99,1,0.5,1,1,99,1,1,8,0,249,0,0,0,0,0
"456",38,12,3,1,4,1,0,249,1,0.5,4,1,99,1,1,1,1,99,0,0,0,0,0
"457",39,1,0,1,2,1,0,199,1,0.5,4,1,149,1,1,4,1,249,0,0,0,0,0
"458",39,2,1,1,2,2,0,149,1,0.5,1,1,199,1,4,1,0,199,0,0,0,0,0
"459",39,3,1,1,4,8,1,149,1,0.5,4,0,199,1,4,1,1,99,0,0,0,0,0
"460",39,4,1,1,4,8,0,199,1,0.5,4,1,149,1,2,8,1,249,0,0,0,0,0
"461",39,5,3,1,0.5,4,1,149,1,2,2,1,249,1,0.5,8,1,199,0,0,0,0,0
"462",39,6,1,1,2,8,0,99,1,0.5,2,1,99,1,0.5,2,1,249,0,0,0,0,0
"463",39,7,3,1,0.5,2,0,149,1,2,1,1,199,1,1,2,0,149,0,0,0,0,0
"464",39,8,2,1,0.5,2,0,149,1,1,4,0,99,1,1,1,1,199,0,0,0,0,0
"465",39,9,2,1,0.5,4,0,149,1,4,4,1,99,1,0.5,4,1,249,0,0,0,0,0
"466",39,10,1,1,1,8,1,99,1,2,4,0,149,1,0.5,2,0,149,0,0,0,0,0
"467",39,11,0,1,4,2,1,99,1,0.5,1,1,99,1,1,8,0,249,0,0,0,0,0
"468",39,12,2,1,4,1,0,249,1,0.5,4,1,99,1,1,1,1,99,0,0,0,0,0
"469",40,1,1,1,2,1,0,199,1,0.5,4,1,149,1,1,4,1,249,0,0,0,0,0
"470",40,2,1,1,2,2,0,149,1,0.5,1,1,199,1,4,1,0,199,0,0,0,0,0
"471",40,3,3,1,4,8,1,149,1,0.5,4,0,199,1,4,1,1,99,0,0,0,0,0
"472",40,4,0,1,4,8,0,199,1,0.5,4,1,149,1,2,8,1,249,0,0,0,0,0
"473",40,5,3,1,0.5,4,1,149,1,2,2,1,249,1,0.5,8,1,199,0,0,0,0,0
"474",40,6,1,1,2,8,0,99,1,0.5,2,1,99,1,0.5,2,1,249,0,0,0,0,0
"475",40,7,3,1,0.5,2,0,149,1,2,1,1,199,1,1,2,0,149,0,0,0,0,0
"476",40,8,2,1,0.5,2,0,149,1,1,4,0,99,1,1,1,1,199,0,0,0,0,0
"477",40,9,0,1,0.5,4,0,149,1,4,4,1,99,1,0.5,4,1,249,0,0,0,0,0
"478",40,10,1,1,1,8,1,99,1,2,4,0,149,1,0.5,2,0,149,0,0,0,0,0
"479",40,11,1,1,4,2,1,99,1,0.5,1,1,99,1,1,8,0,249,0,0,0,0,0
"480",40,12,3,1,4,1,0,249,1,0.5,4,1,99,1,1,1,1,99,0,0,0,0,0
"481",41,1,0,1,2,1,0,199,1,0.5,4,1,149,1,1,4,1,249,0,0,0,0,0
"482",41,2,1,1,2,2,0,149,1,0.5,1,1,199,1,4,1,0,199,0,0,0,0,0
"483",41,3,2,1,4,8,1,149,1,0.5,4,0,199,1,4,1,1,99,0,0,0,0,0
"484",41,4,1,1,4,8,0,199,1,0.5,4,1,149,1,2,8,1,249,0,0,0,0,0
"485",41,5,0,1,0.5,4,1,149,1,2,2,1,249,1,0.5,8,1,199,0,0,0,0,0
"486",41,6,1,1,2,8,0,99,1,0.5,2,1,99,1,0.5,2,1,249,0,0,0,0,0
"487",41,7,3,1,0.5,2,0,149,1,2,1,1,199,1,1,2,0,149,0,0,0,0,0
"488",41,8,2,1,0.5,2,0,149,1,1,4,0,99,1,1,1,1,199,0,0,0,0,0
"489",41,9,1,1,0.5,4,0,149,1,4,4,1,99,1,0.5,4,1,249,0,0,0,0,0
"490",41,10,2,1,1,8,1,99,1,2,4,0,149,1,0.5,2,0,149,0,0,0,0,0
"491",41,11,0,1,4,2,1,99,1,0.5,1,1,99,1,1,8,0,249,0,0,0,0,0
"492",41,12,0,1,4,1,0,249,1,0.5,4,1,99,1,1,1,1,99,0,0,0,0,0
"493",42,1,1,1,2,1,0,199,1,0.5,4,1,149,1,1,4,1,249,0,0,0,0,0
"494",42,2,1,1,2,2,0,149,1,0.5,1,1,199,1,4,1,0,199,0,0,0,0,0
"495",42,3,3,1,4,8,1,149,1,0.5,4,0,199,1,4,1,1,99,0,0,0,0,0
"496",42,4,1,1,4,8,0,199,1,0.5,4,1,149,1,2,8,1,249,0,0,0,0,0
"497",42,5,3,1,0.5,4,1,149,1,2,2,1,249,1,0.5,8,1,199,0,0,0,0,0
"498",42,6,1,1,2,8,0,99,1,0.5,2,1,99,1,0.5,2,1,249,0,0,0,0,0
"499",42,7,3,1,0.5,2,0,149,1,2,1,1,199,1,1,2,0,149,0,0,0,0,0
"500",42,8,2,1,0.5,2,0,149,1,1,4,0,99,1,1,1,1,199,0,0,0,0,0
"501",42,9,1,1,0.5,4,0,149,1,4,4,1,99,1,0.5,4,1,249,0,0,0,0,0
"502",42,10,2,1,1,8,1,99,1,2,4,0,149,1,0.5,2,0,149,0,0,0,0,0
"503",42,11,3,1,4,2,1,99,1,0.5,1,1,99,1,1,8,0,249,0,0,0,0,0
"504",42,12,3,1,4,1,0,249,1,0.5,4,1,99,1,1,1,1,99,0,0,0,0,0
"505",43,1,1,1,2,1,0,199,1,0.5,4,1,149,1,1,4,1,249,0,0,0,0,0
"506",43,2,3,1,2,2,0,149,1,0.5,1,1,199,1,4,1,0,199,0,0,0,0,0
"507",43,3,1,1,4,8,1,149,1,0.5,4,0,199,1,4,1,1,99,0,0,0,0,0
"508",43,4,1,1,4,8,0,199,1,0.5,4,1,149,1,2,8,1,249,0,0,0,0,0
"509",43,5,0,1,0.5,4,1,149,1,2,2,1,249,1,0.5,8,1,199,0,0,0,0,0
"510",43,6,1,1,2,8,0,99,1,0.5,2,1,99,1,0.5,2,1,249,0,0,0,0,0
"511",43,7,3,1,0.5,2,0,149,1,2,1,1,199,1,1,2,0,149,0,0,0,0,0
"512",43,8,2,1,0.5,2,0,149,1,1,4,0,99,1,1,1,1,199,0,0,0,0,0
"513",43,9,2,1,0.5,4,0,149,1,4,4,1,99,1,0.5,4,1,249,0,0,0,0,0
"514",43,10,2,1,1,8,1,99,1,2,4,0,149,1,0.5,2,0,149,0,0,0,0,0
"515",43,11,1,1,4,2,1,99,1,0.5,1,1,99,1,1,8,0,249,0,0,0,0,0
"516",43,12,0,1,4,1,0,249,1,0.5,4,1,99,1,1,1,1,99,0,0,0,0,0
"517",44,1,1,1,2,1,0,199,1,0.5,4,1,149,1,1,4,1,249,0,0,0,0,0
"518",44,2,1,1,2,2,0,149,1,0.5,1,1,199,1,4,1,0,199,0,0,0,0,0
"519",44,3,0,1,4,8,1,149,1,0.5,4,0,199,1,4,1,1,99,0,0,0,0,0
"520",44,4,1,1,4,8,0,199,1,0.5,4,1,149,1,2,8,1,249,0,0,0,0,0
"521",44,5,0,1,0.5,4,1,149,1,2,2,1,249,1,0.5,8,1,199,0,0,0,0,0
"522",44,6,1,1,2,8,0,99,1,0.5,2,1,99,1,0.5,2,1,249,0,0,0,0,0
"523",44,7,3,1,0.5,2,0,149,1,2,1,1,199,1,1,2,0,149,0,0,0,0,0
"524",44,8,2,1,0.5,2,0,149,1,1,4,0,99,1,1,1,1,199,0,0,0,0,0
"525",44,9,1,1,0.5,4,0,149,1,4,4,1,99,1,0.5,4,1,249,0,0,0,0,0
"526",44,10,2,1,1,8,1,99,1,2,4,0,149,1,0.5,2,0,149,0,0,0,0,0
"527",44,11,0,1,4,2,1,99,1,0.5,1,1,99,1,1,8,0,249,0,0,0,0,0
"528",44,12,0,1,4,1,0,249,1,0.5,4,1,99,1,1,1,1,99,0,0,0,0,0
"529",45,1,1,1,2,1,0,199,1,0.5,4,1,149,1,1,4,1,249,0,0,0,0,0
"530",45,2,1,1,2,2,0,149,1,0.5,1,1,199,1,4,1,0,199,0,0,0,0,0
"531",45,3,0,1,4,8,1,149,1,0.5,4,0,199,1,4,1,1,99,0,0,0,0,0
"532",45,4,1,1,4,8,0,199,1,0.5,4,1,149,1,2,8,1,249,0,0,0,0,0
"533",45,5,0,1,0.5,4,1,149,1,2,2,1,249,1,0.5,8,1,199,0,0,0,0,0
"534",45,6,1,1,2,8,0,99,1,0.5,2,1,99,1,0.5,2,1,249,0,0,0,0,0
"535",45,7,3,1,0.5,2,0,149,1,2,1,1,199,1,1,2,0,149,0,0,0,0,0
"536",45,8,2,1,0.5,2,0,149,1,1,4,0,99,1,1,1,1,199,0,0,0,0,0
"537",45,9,0,1,0.5,4,0,149,1,4,4,1,99,1,0.5,4,1,249,0,0,0,0,0
"538",45,10,2,1,1,8,1,99,1,2,4,0,149,1,0.5,2,0,149,0,0,0,0,0
"539",45,11,0,1,4,2,1,99,1,0.5,1,1,99,1,1,8,0,249,0,0,0,0,0
"540",45,12,0,1,4,1,0,249,1,0.5,4,1,99,1,1,1,1,99,0,0,0,0,0
"541",46,1,1,1,2,1,0,199,1,0.5,4,1,149,1,1,4,1,249,0,0,0,0,0
"542",46,2,1,1,2,2,0,149,1,0.5,1,1,199,1,4,1,0,199,0,0,0,0,0
"543",46,3,1,1,4,8,1,149,1,0.5,4,0,199,1,4,1,1,99,0,0,0,0,0
"544",46,4,1,1,4,8,0,199,1,0.5,4,1,149,1,2,8,1,249,0,0,0,0,0
"545",46,5,0,1,0.5,4,1,149,1,2,2,1,249,1,0.5,8,1,199,0,0,0,0,0
"546",46,6,1,1,2,8,0,99,1,0.5,2,1,99,1,0.5,2,1,249,0,0,0,0,0
"547",46,7,3,1,0.5,2,0,149,1,2,1,1,199,1,1,2,0,149,0,0,0,0,0
"548",46,8,2,1,0.5,2,0,149,1,1,4,0,99,1,1,1,1,199,0,0,0,0,0
"549",46,9,1,1,0.5,4,0,149,1,4,4,1,99,1,0.5,4,1,249,0,0,0,0,0
"550",46,10,2,1,1,8,1,99,1,2,4,0,149,1,0.5,2,0,149,0,0,0,0,0
"551",46,11,3,1,4,2,1,99,1,0.5,1,1,99,1,1,8,0,249,0,0,0,0,0
"552",46,12,1,1,4,1,0,249,1,0.5,4,1,99,1,1,1,1,99,0,0,0,0,0
"553",47,1,1,1,2,1,0,199,1,0.5,4,1,149,1,1,4,1,249,0,0,0,0,0
"554",47,2,1,1,2,2,0,149,1,0.5,1,1,199,1,4,1,0,199,0,0,0,0,0
"555",47,3,0,1,4,8,1,149,1,0.5,4,0,199,1,4,1,1,99,0,0,0,0,0
"556",47,4,1,1,4,8,0,199,1,0.5,4,1,149,1,2,8,1,249,0,0,0,0,0
"557",47,5,0,1,0.5,4,1,149,1,2,2,1,249,1,0.5,8,1,199,0,0,0,0,0
"558",47,6,1,1,2,8,0,99,1,0.5,2,1,99,1,0.5,2,1,249,0,0,0,0,0
"559",47,7,3,1,0.5,2,0,149,1,2,1,1,199,1,1,2,0,149,0,0,0,0,0
"560",47,8,2,1,0.5,2,0,149,1,1,4,0,99,1,1,1,1,199,0,0,0,0,0
"561",47,9,1,1,0.5,4,0,149,1,4,4,1,99,1,0.5,4,1,249,0,0,0,0,0
"562",47,10,2,1,1,8,1,99,1,2,4,0,149,1,0.5,2,0,149,0,0,0,0,0
"563",47,11,3,1,4,2,1,99,1,0.5,1,1,99,1,1,8,0,249,0,0,0,0,0
"564",47,12,0,1,4,1,0,249,1,0.5,4,1,99,1,1,1,1,99,0,0,0,0,0
"565",48,1,1,1,2,1,0,199,1,0.5,4,1,149,1,1,4,1,249,0,0,0,0,0
"566",48,2,1,1,2,2,0,149,1,0.5,1,1,199,1,4,1,0,199,0,0,0,0,0
"567",48,3,2,1,4,8,1,149,1,0.5,4,0,199,1,4,1,1,99,0,0,0,0,0
"568",48,4,1,1,4,8,0,199,1,0.5,4,1,149,1,2,8,1,249,0,0,0,0,0
"569",48,5,0,1,0.5,4,1,149,1,2,2,1,249,1,0.5,8,1,199,0,0,0,0,0
"570",48,6,1,1,2,8,0,99,1,0.5,2,1,99,1,0.5,2,1,249,0,0,0,0,0
"571",48,7,3,1,0.5,2,0,149,1,2,1,1,199,1,1,2,0,149,0,0,0,0,0
"572",48,8,2,1,0.5,2,0,149,1,1,4,0,99,1,1,1,1,199,0,0,0,0,0
"573",48,9,1,1,0.5,4,0,149,1,4,4,1,99,1,0.5,4,1,249,0,0,0,0,0
"574",48,10,2,1,1,8,1,99,1,2,4,0,149,1,0.5,2,0,149,0,0,0,0,0
"575",48,11,3,1,4,2,1,99,1,0.5,1,1,99,1,1,8,0,249,0,0,0,0,0
"576",48,12,1,1,4,1,0,249,1,0.5,4,1,99,1,1,1,1,99,0,0,0,0,0
"577",49,1,1,1,2,1,0,199,1,0.5,4,1,149,1,1,4,1,249,0,0,0,0,0
"578",49,2,1,1,2,2,0,149,1,0.5,1,1,199,1,4,1,0,199,0,0,0,0,0
"579",49,3,0,1,4,8,1,149,1,0.5,4,0,199,1,4,1,1,99,0,0,0,0,0
"580",49,4,1,1,4,8,0,199,1,0.5,4,1,149,1,2,8,1,249,0,0,0,0,0
"581",49,5,0,1,0.5,4,1,149,1,2,2,1,249,1,0.5,8,1,199,0,0,0,0,0
"582",49,6,1,1,2,8,0,99,1,0.5,2,1,99,1,0.5,2,1,249,0,0,0,0,0
"583",49,7,3,1,0.5,2,0,149,1,2,1,1,199,1,1,2,0,149,0,0,0,0,0
"584",49,8,2,1,0.5,2,0,149,1,1,4,0,99,1,1,1,1,199,0,0,0,0,0
"585",49,9,0,1,0.5,4,0,149,1,4,4,1,99,1,0.5,4,1,249,0,0,0,0,0
"586",49,10,2,1,1,8,1,99,1,2,4,0,149,1,0.5,2,0,149,0,0,0,0,0
"587",49,11,0,1,4,2,1,99,1,0.5,1,1,99,1,1,8,0,249,0,0,0,0,0
"588",49,12,0,1,4,1,0,249,1,0.5,4,1,99,1,1,1,1,99,0,0,0,0,0
"589",50,1,1,1,2,1,0,199,1,0.5,4,1,149,1,1,4,1,249,0,0,0,0,0
"590",50,2,1,1,2,2,0,149,1,0.5,1,1,199,1,4,1,0,199,0,0,0,0,0
"591",50,3,0,1,4,8,1,149,1,0.5,4,0,199,1,4,1,1,99,0,0,0,0,0
"592",50,4,1,1,4,8,0,199,1,0.5,4,1,149,1,2,8,1,249,0,0,0,0,0
"593",50,5,0,1,0.5,4,1,149,1,2,2,1,249,1,0.5,8,1,199,0,0,0,0,0
"594",50,6,1,1,2,8,0,99,1,0.5,2,1,99,1,0.5,2,1,249,0,0,0,0,0
"595",50,7,3,1,0.5,2,0,149,1,2,1,1,199,1,1,2,0,149,0,0,0,0,0
"596",50,8,2,1,0.5,2,0,149,1,1,4,0,99,1,1,1,1,199,0,0,0,0,0
"597",50,9,0,1,0.5,4,0,149,1,4,4,1,99,1,0.5,4,1,249,0,0,0,0,0
"598",50,10,2,1,1,8,1,99,1,2,4,0,149,1,0.5,2,0,149,0,0,0,0,0
"599",50,11,0,1,4,2,1,99,1,0.5,1,1,99,1,1,8,0,249,0,0,0,0,0
"600",50,12,0,1,4,1,0,249,1,0.5,4,1,99,1,1,1,1,99,0,0,0,0,0
"601",51,1,3,1,2,1,0,199,1,0.5,4,1,149,1,1,4,1,249,0,0,0,0,0
"602",51,2,2,1,2,2,0,149,1,0.5,1,1,199,1,4,1,0,199,0,0,0,0,0
"603",51,3,1,1,4,8,1,149,1,0.5,4,0,199,1,4,1,1,99,0,0,0,0,0
"604",51,4,3,1,4,8,0,199,1,0.5,4,1,149,1,2,8,1,249,0,0,0,0,0
"605",51,5,3,1,0.5,4,1,149,1,2,2,1,249,1,0.5,8,1,199,0,0,0,0,0
"606",51,6,2,1,2,8,0,99,1,0.5,2,1,99,1,0.5,2,1,249,0,0,0,0,0
"607",51,7,2,1,0.5,2,0,149,1,2,1,1,199,1,1,2,0,149,0,0,0,0,0
"608",51,8,3,1,0.5,2,0,149,1,1,4,0,99,1,1,1,1,199,0,0,0,0,0
"609",51,9,2,1,0.5,4,0,149,1,4,4,1,99,1,0.5,4,1,249,0,0,0,0,0
"610",51,10,1,1,1,8,1,99,1,2,4,0,149,1,0.5,2,0,149,0,0,0,0,0
"611",51,11,1,1,4,2,1,99,1,0.5,1,1,99,1,1,8,0,249,0,0,0,0,0
"612",51,12,2,1,4,1,0,249,1,0.5,4,1,99,1,1,1,1,99,0,0,0,0,0
"613",52,1,0,1,2,1,0,199,1,0.5,4,1,149,1,1,4,1,249,0,0,0,0,0
"614",52,2,1,1,2,2,0,149,1,0.5,1,1,199,1,4,1,0,199,0,0,0,0,0
"615",52,3,1,1,4,8,1,149,1,0.5,4,0,199,1,4,1,1,99,0,0,0,0,0
"616",52,4,1,1,4,8,0,199,1,0.5,4,1,149,1,2,8,1,249,0,0,0,0,0
"617",52,5,3,1,0.5,4,1,149,1,2,2,1,249,1,0.5,8,1,199,0,0,0,0,0
"618",52,6,1,1,2,8,0,99,1,0.5,2,1,99,1,0.5,2,1,249,0,0,0,0,0
"619",52,7,3,1,0.5,2,0,149,1,2,1,1,199,1,1,2,0,149,0,0,0,0,0
"620",52,8,2,1,0.5,2,0,149,1,1,4,0,99,1,1,1,1,199,0,0,0,0,0
"621",52,9,2,1,0.5,4,0,149,1,4,4,1,99,1,0.5,4,1,249,0,0,0,0,0
"622",52,10,2,1,1,8,1,99,1,2,4,0,149,1,0.5,2,0,149,0,0,0,0,0
"623",52,11,1,1,4,2,1,99,1,0.5,1,1,99,1,1,8,0,249,0,0,0,0,0
"624",52,12,2,1,4,1,0,249,1,0.5,4,1,99,1,1,1,1,99,0,0,0,0,0
"625",53,1,1,1,2,1,0,199,1,0.5,4,1,149,1,1,4,1,249,0,0,0,0,0
"626",53,2,1,1,2,2,0,149,1,0.5,1,1,199,1,4,1,0,199,0,0,0,0,0
"627",53,3,2,1,4,8,1,149,1,0.5,4,0,199,1,4,1,1,99,0,0,0,0,0
"628",53,4,1,1,4,8,0,199,1,0.5,4,1,149,1,2,8,1,249,0,0,0,0,0
"629",53,5,0,1,0.5,4,1,149,1,2,2,1,249,1,0.5,8,1,199,0,0,0,0,0
"630",53,6,1,1,2,8,0,99,1,0.5,2,1,99,1,0.5,2,1,249,0,0,0,0,0
"631",53,7,3,1,0.5,2,0,149,1,2,1,1,199,1,1,2,0,149,0,0,0,0,0
"632",53,8,2,1,0.5,2,0,149,1,1,4,0,99,1,1,1,1,199,0,0,0,0,0
"633",53,9,1,1,0.5,4,0,149,1,4,4,1,99,1,0.5,4,1,249,0,0,0,0,0
"634",53,10,2,1,1,8,1,99,1,2,4,0,149,1,0.5,2,0,149,0,0,0,0,0
"635",53,11,3,1,4,2,1,99,1,0.5,1,1,99,1,1,8,0,249,0,0,0,0,0
"636",53,12,0,1,4,1,0,249,1,0.5,4,1,99,1,1,1,1,99,0,0,0,0,0
"637",54,1,2,1,2,1,0,199,1,0.5,4,1,149,1,1,4,1,249,0,0,0,0,0
"638",54,2,1,1,2,2,0,149,1,0.5,1,1,199,1,4,1,0,199,0,0,0,0,0
"639",54,3,3,1,4,8,1,149,1,0.5,4,0,199,1,4,1,1,99,0,0,0,0,0
"640",54,4,1,1,4,8,0,199,1,0.5,4,1,149,1,2,8,1,249,0,0,0,0,0
"641",54,5,3,1,0.5,4,1,149,1,2,2,1,249,1,0.5,8,1,199,0,0,0,0,0
"642",54,6,1,1,2,8,0,99,1,0.5,2,1,99,1,0.5,2,1,249,0,0,0,0,0
"643",54,7,3,1,0.5,2,0,149,1,2,1,1,199,1,1,2,0,149,0,0,0,0,0
"644",54,8,2,1,0.5,2,0,149,1,1,4,0,99,1,1,1,1,199,0,0,0,0,0
"645",54,9,0,1,0.5,4,0,149,1,4,4,1,99,1,0.5,4,1,249,0,0,0,0,0
"646",54,10,1,1,1,8,1,99,1,2,4,0,149,1,0.5,2,0,149,0,0,0,0,0
"647",54,11,1,1,4,2,1,99,1,0.5,1,1,99,1,1,8,0,249,0,0,0,0,0
"648",54,12,0,1,4,1,0,249,1,0.5,4,1,99,1,1,1,1,99,0,0,0,0,0
"649",55,1,0,1,2,1,0,199,1,0.5,4,1,149,1,1,4,1,249,0,0,0,0,0
"650",55,2,1,1,2,2,0,149,1,0.5,1,1,199,1,4,1,0,199,0,0,0,0,0
"651",55,3,0,1,4,8,1,149,1,0.5,4,0,199,1,4,1,1,99,0,0,0,0,0
"652",55,4,1,1,4,8,0,199,1,0.5,4,1,149,1,2,8,1,249,0,0,0,0,0
"653",55,5,0,1,0.5,4,1,149,1,2,2,1,249,1,0.5,8,1,199,0,0,0,0,0
"654",55,6,1,1,2,8,0,99,1,0.5,2,1,99,1,0.5,2,1,249,0,0,0,0,0
"655",55,7,3,1,0.5,2,0,149,1,2,1,1,199,1,1,2,0,149,0,0,0,0,0
"656",55,8,2,1,0.5,2,0,149,1,1,4,0,99,1,1,1,1,199,0,0,0,0,0
"657",55,9,0,1,0.5,4,0,149,1,4,4,1,99,1,0.5,4,1,249,0,0,0,0,0
"658",55,10,2,1,1,8,1,99,1,2,4,0,149,1,0.5,2,0,149,0,0,0,0,0
"659",55,11,0,1,4,2,1,99,1,0.5,1,1,99,1,1,8,0,249,0,0,0,0,0
"660",55,12,0,1,4,1,0,249,1,0.5,4,1,99,1,1,1,1,99,0,0,0,0,0
"661",56,1,0,1,2,1,0,199,1,0.5,4,1,149,1,1,4,1,249,0,0,0,0,0
"662",56,2,0,1,2,2,0,149,1,0.5,1,1,199,1,4,1,0,199,0,0,0,0,0
"663",56,3,1,1,4,8,1,149,1,0.5,4,0,199,1,4,1,1,99,0,0,0,0,0
"664",56,4,0,1,4,8,0,199,1,0.5,4,1,149,1,2,8,1,249,0,0,0,0,0
"665",56,5,0,1,0.5,4,1,149,1,2,2,1,249,1,0.5,8,1,199,0,0,0,0,0
"666",56,6,0,1,2,8,0,99,1,0.5,2,1,99,1,0.5,2,1,249,0,0,0,0,0
"667",56,7,0,1,0.5,2,0,149,1,2,1,1,199,1,1,2,0,149,0,0,0,0,0
"668",56,8,0,1,0.5,2,0,149,1,1,4,0,99,1,1,1,1,199,0,0,0,0,0
"669",56,9,2,1,0.5,4,0,149,1,4,4,1,99,1,0.5,4,1,249,0,0,0,0,0
"670",56,10,0,1,1,8,1,99,1,2,4,0,149,1,0.5,2,0,149,0,0,0,0,0
"671",56,11,1,1,4,2,1,99,1,0.5,1,1,99,1,1,8,0,249,0,0,0,0,0
"672",56,12,0,1,4,1,0,249,1,0.5,4,1,99,1,1,1,1,99,0,0,0,0,0
"673",57,1,1,1,2,1,0,199,1,0.5,4,1,149,1,1,4,1,249,0,0,0,0,0
"674",57,2,1,1,2,2,0,149,1,0.5,1,1,199,1,4,1,0,199,0,0,0,0,0
"675",57,3,1,1,4,8,1,149,1,0.5,4,0,199,1,4,1,1,99,0,0,0,0,0
"676",57,4,1,1,4,8,0,199,1,0.5,4,1,149,1,2,8,1,249,0,0,0,0,0
"677",57,5,3,1,0.5,4,1,149,1,2,2,1,249,1,0.5,8,1,199,0,0,0,0,0
"678",57,6,1,1,2,8,0,99,1,0.5,2,1,99,1,0.5,2,1,249,0,0,0,0,0
"679",57,7,2,1,0.5,2,0,149,1,2,1,1,199,1,1,2,0,149,0,0,0,0,0
"680",57,8,2,1,0.5,2,0,149,1,1,4,0,99,1,1,1,1,199,0,0,0,0,0
"681",57,9,2,1,0.5,4,0,149,1,4,4,1,99,1,0.5,4,1,249,0,0,0,0,0
"682",57,10,2,1,1,8,1,99,1,2,4,0,149,1,0.5,2,0,149,0,0,0,0,0
"683",57,11,1,1,4,2,1,99,1,0.5,1,1,99,1,1,8,0,249,0,0,0,0,0
"684",57,12,0,1,4,1,0,249,1,0.5,4,1,99,1,1,1,1,99,0,0,0,0,0
"685",58,1,1,1,2,1,0,199,1,0.5,4,1,149,1,1,4,1,249,0,0,0,0,0
"686",58,2,3,1,2,2,0,149,1,0.5,1,1,199,1,4,1,0,199,0,0,0,0,0
"687",58,3,1,1,4,8,1,149,1,0.5,4,0,199,1,4,1,1,99,0,0,0,0,0
"688",58,4,1,1,4,8,0,199,1,0.5,4,1,149,1,2,8,1,249,0,0,0,0,0
"689",58,5,3,1,0.5,4,1,149,1,2,2,1,249,1,0.5,8,1,199,0,0,0,0,0
"690",58,6,1,1,2,8,0,99,1,0.5,2,1,99,1,0.5,2,1,249,0,0,0,0,0
"691",58,7,2,1,0.5,2,0,149,1,2,1,1,199,1,1,2,0,149,0,0,0,0,0
"692",58,8,2,1,0.5,2,0,149,1,1,4,0,99,1,1,1,1,199,0,0,0,0,0
"693",58,9,2,1,0.5,4,0,149,1,4,4,1,99,1,0.5,4,1,249,0,0,0,0,0
"694",58,10,1,1,1,8,1,99,1,2,4,0,149,1,0.5,2,0,149,0,0,0,0,0
"695",58,11,1,1,4,2,1,99,1,0.5,1,1,99,1,1,8,0,249,0,0,0,0,0
"696",58,12,3,1,4,1,0,249,1,0.5,4,1,99,1,1,1,1,99,0,0,0,0,0
"697",59,1,0,1,2,1,0,199,1,0.5,4,1,149,1,1,4,1,249,0,0,0,0,0
"698",59,2,1,1,2,2,0,149,1,0.5,1,1,199,1,4,1,0,199,0,0,0,0,0
"699",59,3,2,1,4,8,1,149,1,0.5,4,0,199,1,4,1,1,99,0,0,0,0,0
"700",59,4,1,1,4,8,0,199,1,0.5,4,1,149,1,2,8,1,249,0,0,0,0,0
"701",59,5,0,1,0.5,4,1,149,1,2,2,1,249,1,0.5,8,1,199,0,0,0,0,0
"702",59,6,1,1,2,8,0,99,1,0.5,2,1,99,1,0.5,2,1,249,0,0,0,0,0
"703",59,7,3,1,0.5,2,0,149,1,2,1,1,199,1,1,2,0,149,0,0,0,0,0
"704",59,8,2,1,0.5,2,0,149,1,1,4,0,99,1,1,1,1,199,0,0,0,0,0
"705",59,9,1,1,0.5,4,0,149,1,4,4,1,99,1,0.5,4,1,249,0,0,0,0,0
"706",59,10,2,1,1,8,1,99,1,2,4,0,149,1,0.5,2,0,149,0,0,0,0,0
"707",59,11,3,1,4,2,1,99,1,0.5,1,1,99,1,1,8,0,249,0,0,0,0,0
"708",59,12,1,1,4,1,0,249,1,0.5,4,1,99,1,1,1,1,99,0,0,0,0,0
"709",60,1,1,1,2,1,0,199,1,0.5,4,1,149,1,1,4,1,249,0,0,0,0,0
"710",60,2,1,1,2,2,0,149,1,0.5,1,1,199,1,4,1,0,199,0,0,0,0,0
"711",60,3,1,1,4,8,1,149,1,0.5,4,0,199,1,4,1,1,99,0,0,0,0,0
"712",60,4,1,1,4,8,0,199,1,0.5,4,1,149,1,2,8,1,249,0,0,0,0,0
"713",60,5,3,1,0.5,4,1,149,1,2,2,1,249,1,0.5,8,1,199,0,0,0,0,0
"714",60,6,1,1,2,8,0,99,1,0.5,2,1,99,1,0.5,2,1,249,0,0,0,0,0
"715",60,7,3,1,0.5,2,0,149,1,2,1,1,199,1,1,2,0,149,0,0,0,0,0
"716",60,8,2,1,0.5,2,0,149,1,1,4,0,99,1,1,1,1,199,0,0,0,0,0
"717",60,9,1,1,0.5,4,0,149,1,4,4,1,99,1,0.5,4,1,249,0,0,0,0,0
"718",60,10,1,1,1,8,1,99,1,2,4,0,149,1,0.5,2,0,149,0,0,0,0,0
"719",60,11,3,1,4,2,1,99,1,0.5,1,1,99,1,1,8,0,249,0,0,0,0,0
"720",60,12,2,1,4,1,0,249,1,0.5,4,1,99,1,1,1,1,99,0,0,0,0,0
"721",61,1,0,1,2,1,0,199,1,0.5,4,1,149,1,1,4,1,249,0,0,0,0,0
"722",61,2,0,1,2,2,0,149,1,0.5,1,1,199,1,4,1,0,199,0,0,0,0,0
"723",61,3,0,1,4,8,1,149,1,0.5,4,0,199,1,4,1,1,99,0,0,0,0,0
"724",61,4,0,1,4,8,0,199,1,0.5,4,1,149,1,2,8,1,249,0,0,0,0,0
"725",61,5,0,1,0.5,4,1,149,1,2,2,1,249,1,0.5,8,1,199,0,0,0,0,0
"726",61,6,0,1,2,8,0,99,1,0.5,2,1,99,1,0.5,2,1,249,0,0,0,0,0
"727",61,7,0,1,0.5,2,0,149,1,2,1,1,199,1,1,2,0,149,0,0,0,0,0
"728",61,8,2,1,0.5,2,0,149,1,1,4,0,99,1,1,1,1,199,0,0,0,0,0
"729",61,9,0,1,0.5,4,0,149,1,4,4,1,99,1,0.5,4,1,249,0,0,0,0,0
"730",61,10,0,1,1,8,1,99,1,2,4,0,149,1,0.5,2,0,149,0,0,0,0,0
"731",61,11,0,1,4,2,1,99,1,0.5,1,1,99,1,1,8,0,249,0,0,0,0,0
"732",61,12,0,1,4,1,0,249,1,0.5,4,1,99,1,1,1,1,99,0,0,0,0,0
"733",62,1,0,1,2,1,0,199,1,0.5,4,1,149,1,1,4,1,249,0,0,0,0,0
"734",62,2,0,1,2,2,0,149,1,0.5,1,1,199,1,4,1,0,199,0,0,0,0,0
"735",62,3,3,1,4,8,1,149,1,0.5,4,0,199,1,4,1,1,99,0,0,0,0,0
"736",62,4,1,1,4,8,0,199,1,0.5,4,1,149,1,2,8,1,249,0,0,0,0,0
"737",62,5,3,1,0.5,4,1,149,1,2,2,1,249,1,0.5,8,1,199,0,0,0,0,0
"738",62,6,1,1,2,8,0,99,1,0.5,2,1,99,1,0.5,2,1,249,0,0,0,0,0
"739",62,7,3,1,0.5,2,0,149,1,2,1,1,199,1,1,2,0,149,0,0,0,0,0
"740",62,8,2,1,0.5,2,0,149,1,1,4,0,99,1,1,1,1,199,0,0,0,0,0
"741",62,9,0,1,0.5,4,0,149,1,4,4,1,99,1,0.5,4,1,249,0,0,0,0,0
"742",62,10,1,1,1,8,1,99,1,2,4,0,149,1,0.5,2,0,149,0,0,0,0,0
"743",62,11,1,1,4,2,1,99,1,0.5,1,1,99,1,1,8,0,249,0,0,0,0,0
"744",62,12,0,1,4,1,0,249,1,0.5,4,1,99,1,1,1,1,99,0,0,0,0,0
"745",63,1,2,1,2,1,0,199,1,0.5,4,1,149,1,1,4,1,249,0,0,0,0,0
"746",63,2,1,1,2,2,0,149,1,0.5,1,1,199,1,4,1,0,199,0,0,0,0,0
"747",63,3,1,1,4,8,1,149,1,0.5,4,0,199,1,4,1,1,99,0,0,0,0,0
"748",63,4,1,1,4,8,0,199,1,0.5,4,1,149,1,2,8,1,249,0,0,0,0,0
"749",63,5,3,1,0.5,4,1,149,1,2,2,1,249,1,0.5,8,1,199,0,0,0,0,0
"750",63,6,1,1,2,8,0,99,1,0.5,2,1,99,1,0.5,2,1,249,0,0,0,0,0
"751",63,7,3,1,0.5,2,0,149,1,2,1,1,199,1,1,2,0,149,0,0,0,0,0
"752",63,8,2,1,0.5,2,0,149,1,1,4,0,99,1,1,1,1,199,0,0,0,0,0
"753",63,9,1,1,0.5,4,0,149,1,4,4,1,99,1,0.5,4,1,249,0,0,0,0,0
"754",63,10,1,1,1,8,1,99,1,2,4,0,149,1,0.5,2,0,149,0,0,0,0,0
"755",63,11,1,1,4,2,1,99,1,0.5,1,1,99,1,1,8,0,249,0,0,0,0,0
"756",63,12,2,1,4,1,0,249,1,0.5,4,1,99,1,1,1,1,99,0,0,0,0,0
"757",64,1,1,1,2,1,0,199,1,0.5,4,1,149,1,1,4,1,249,0,0,0,0,0
"758",64,2,3,1,2,2,0,149,1,0.5,1,1,199,1,4,1,0,199,0,0,0,0,0
"759",64,3,3,1,4,8,1,149,1,0.5,4,0,199,1,4,1,1,99,0,0,0,0,0
"760",64,4,1,1,4,8,0,199,1,0.5,4,1,149,1,2,8,1,249,0,0,0,0,0
"761",64,5,0,1,0.5,4,1,149,1,2,2,1,249,1,0.5,8,1,199,0,0,0,0,0
"762",64,6,1,1,2,8,0,99,1,0.5,2,1,99,1,0.5,2,1,249,0,0,0,0,0
"763",64,7,3,1,0.5,2,0,149,1,2,1,1,199,1,1,2,0,149,0,0,0,0,0
"764",64,8,2,1,0.5,2,0,149,1,1,4,0,99,1,1,1,1,199,0,0,0,0,0
"765",64,9,0,1,0.5,4,0,149,1,4,4,1,99,1,0.5,4,1,249,0,0,0,0,0
"766",64,10,2,1,1,8,1,99,1,2,4,0,149,1,0.5,2,0,149,0,0,0,0,0
"767",64,11,3,1,4,2,1,99,1,0.5,1,1,99,1,1,8,0,249,0,0,0,0,0
"768",64,12,1,1,4,1,0,249,1,0.5,4,1,99,1,1,1,1,99,0,0,0,0,0
"769",65,1,2,1,2,1,0,199,1,0.5,4,1,149,1,1,4,1,249,0,0,0,0,0
"770",65,2,1,1,2,2,0,149,1,0.5,1,1,199,1,4,1,0,199,0,0,0,0,0
"771",65,3,1,1,4,8,1,149,1,0.5,4,0,199,1,4,1,1,99,0,0,0,0,0
"772",65,4,2,1,4,8,0,199,1,0.5,4,1,149,1,2,8,1,249,0,0,0,0,0
"773",65,5,3,1,0.5,4,1,149,1,2,2,1,249,1,0.5,8,1,199,0,0,0,0,0
"774",65,6,1,1,2,8,0,99,1,0.5,2,1,99,1,0.5,2,1,249,0,0,0,0,0
"775",65,7,3,1,0.5,2,0,149,1,2,1,1,199,1,1,2,0,149,0,0,0,0,0
"776",65,8,2,1,0.5,2,0,149,1,1,4,0,99,1,1,1,1,199,0,0,0,0,0
"777",65,9,2,1,0.5,4,0,149,1,4,4,1,99,1,0.5,4,1,249,0,0,0,0,0
"778",65,10,1,1,1,8,1,99,1,2,4,0,149,1,0.5,2,0,149,0,0,0,0,0
"779",65,11,1,1,4,2,1,99,1,0.5,1,1,99,1,1,8,0,249,0,0,0,0,0
"780",65,12,0,1,4,1,0,249,1,0.5,4,1,99,1,1,1,1,99,0,0,0,0,0
"781",66,1,1,1,2,1,0,199,1,0.5,4,1,149,1,1,4,1,249,0,0,0,0,0
"782",66,2,1,1,2,2,0,149,1,0.5,1,1,199,1,4,1,0,199,0,0,0,0,0
"783",66,3,1,1,4,8,1,149,1,0.5,4,0,199,1,4,1,1,99,0,0,0,0,0
"784",66,4,1,1,4,8,0,199,1,0.5,4,1,149,1,2,8,1,249,0,0,0,0,0
"785",66,5,3,1,0.5,4,1,149,1,2,2,1,249,1,0.5,8,1,199,0,0,0,0,0
"786",66,6,1,1,2,8,0,99,1,0.5,2,1,99,1,0.5,2,1,249,0,0,0,0,0
"787",66,7,3,1,0.5,2,0,149,1,2,1,1,199,1,1,2,0,149,0,0,0,0,0
"788",66,8,2,1,0.5,2,0,149,1,1,4,0,99,1,1,1,1,199,0,0,0,0,0
"789",66,9,2,1,0.5,4,0,149,1,4,4,1,99,1,0.5,4,1,249,0,0,0,0,0
"790",66,10,2,1,1,8,1,99,1,2,4,0,149,1,0.5,2,0,149,0,0,0,0,0
"791",66,11,1,1,4,2,1,99,1,0.5,1,1,99,1,1,8,0,249,0,0,0,0,0
"792",66,12,0,1,4,1,0,249,1,0.5,4,1,99,1,1,1,1,99,0,0,0,0,0
"793",67,1,1,1,2,1,0,199,1,0.5,4,1,149,1,1,4,1,249,0,0,0,0,0
"794",67,2,1,1,2,2,0,149,1,0.5,1,1,199,1,4,1,0,199,0,0,0,0,0
"795",67,3,2,1,4,8,1,149,1,0.5,4,0,199,1,4,1,1,99,0,0,0,0,0
"796",67,4,1,1,4,8,0,199,1,0.5,4,1,149,1,2,8,1,249,0,0,0,0,0
"797",67,5,0,1,0.5,4,1,149,1,2,2,1,249,1,0.5,8,1,199,0,0,0,0,0
"798",67,6,1,1,2,8,0,99,1,0.5,2,1,99,1,0.5,2,1,249,0,0,0,0,0
"799",67,7,1,1,0.5,2,0,149,1,2,1,1,199,1,1,2,0,149,0,0,0,0,0
"800",67,8,2,1,0.5,2,0,149,1,1,4,0,99,1,1,1,1,199,0,0,0,0,0
"801",67,9,1,1,0.5,4,0,149,1,4,4,1,99,1,0.5,4,1,249,0,0,0,0,0
"802",67,10,2,1,1,8,1,99,1,2,4,0,149,1,0.5,2,0,149,0,0,0,0,0
"803",67,11,0,1,4,2,1,99,1,0.5,1,1,99,1,1,8,0,249,0,0,0,0,0
"804",67,12,0,1,4,1,0,249,1,0.5,4,1,99,1,1,1,1,99,0,0,0,0,0
"805",68,1,2,1,2,1,0,199,1,0.5,4,1,149,1,1,4,1,249,0,0,0,0,0
"806",68,2,1,1,2,2,0,149,1,0.5,1,1,199,1,4,1,0,199,0,0,0,0,0
"807",68,3,3,1,4,8,1,149,1,0.5,4,0,199,1,4,1,1,99,0,0,0,0,0
"808",68,4,1,1,4,8,0,199,1,0.5,4,1,149,1,2,8,1,249,0,0,0,0,0
"809",68,5,3,1,0.5,4,1,149,1,2,2,1,249,1,0.5,8,1,199,0,0,0,0,0
"810",68,6,1,1,2,8,0,99,1,0.5,2,1,99,1,0.5,2,1,249,0,0,0,0,0
"811",68,7,3,1,0.5,2,0,149,1,2,1,1,199,1,1,2,0,149,0,0,0,0,0
"812",68,8,2,1,0.5,2,0,149,1,1,4,0,99,1,1,1,1,199,0,0,0,0,0
"813",68,9,1,1,0.5,4,0,149,1,4,4,1,99,1,0.5,4,1,249,0,0,0,0,0
"814",68,10,1,1,1,8,1,99,1,2,4,0,149,1,0.5,2,0,149,0,0,0,0,0
"815",68,11,1,1,4,2,1,99,1,0.5,1,1,99,1,1,8,0,249,0,0,0,0,0
"816",68,12,2,1,4,1,0,249,1,0.5,4,1,99,1,1,1,1,99,0,0,0,0,0
"817",69,1,1,1,2,1,0,199,1,0.5,4,1,149,1,1,4,1,249,0,0,0,0,0
"818",69,2,1,1,2,2,0,149,1,0.5,1,1,199,1,4,1,0,199,0,0,0,0,0
"819",69,3,1,1,4,8,1,149,1,0.5,4,0,199,1,4,1,1,99,0,0,0,0,0
"820",69,4,1,1,4,8,0,199,1,0.5,4,1,149,1,2,8,1,249,0,0,0,0,0
"821",69,5,3,1,0.5,4,1,149,1,2,2,1,249,1,0.5,8,1,199,0,0,0,0,0
"822",69,6,1,1,2,8,0,99,1,0.5,2,1,99,1,0.5,2,1,249,0,0,0,0,0
"823",69,7,3,1,0.5,2,0,149,1,2,1,1,199,1,1,2,0,149,0,0,0,0,0
"824",69,8,2,1,0.5,2,0,149,1,1,4,0,99,1,1,1,1,199,0,0,0,0,0
"825",69,9,2,1,0.5,4,0,149,1,4,4,1,99,1,0.5,4,1,249,0,0,0,0,0
"826",69,10,1,1,1,8,1,99,1,2,4,0,149,1,0.5,2,0,149,0,0,0,0,0
"827",69,11,1,1,4,2,1,99,1,0.5,1,1,99,1,1,8,0,249,0,0,0,0,0
"828",69,12,3,1,4,1,0,249,1,0.5,4,1,99,1,1,1,1,99,0,0,0,0,0
